year,month,MUGU,KALIKOT,JUMLA,HUMLA
1970,1,63.41661873,61.75819722,64.61931268,77.6868817
1970,2,66.15207523,61.82057077,62.66729872,76.66795462
1970,3,55.08763529,58.73123939,61.39595006,65.90149762
1970,4,25.63963765,37.16057771,55.68235767,24.50178513
1970,5,63.15588322,107.5820849,107.9851188,65.13701506
1970,6,223.4044161,332.638736,282.565253,207.2139051
1970,7,230.9904725,532.093201,367.535062,221.7472253
1970,8,222.9033757,417.5081442,282.1936878,215.3467098
1970,9,130.7969306,165.4422234,168.1378459,131.992449
1970,10,42.10420951,62.82840319,59.34380265,46.27898177
1970,11,8.484139537,10.85743554,10.55632656,19.28861147
1970,12,11.73309541,1.510284148,3.788027046,22.56875286
1971,1,55.97485539,40.07254525,42.30264258,82.64495574
1971,2,77.86326245,75.35493062,78.80557228,89.27966101
1971,3,58.47484664,54.73922238,62.34230802,60.61415722
1971,4,68.9832824,101.561331,92.97892295,53.12562291
1971,5,81.54527317,142.0235732,126.8496714,72.36184396
1971,6,255.5256352,444.9796408,310.0906903,245.5850739
1971,7,235.6226196,327.7890732,272.2424289,217.2554222
1971,8,260.3218739,398.277821,309.215722,243.9820377
1971,9,113.9868689,173.5850118,156.636028,100.6461287
1971,10,111.9695192,161.6090205,157.074155,121.2916758
1971,11,16.54691737,23.79893519,19.33215952,18.02081134
1971,12,20.34683608,5.688501724,6.592989155,24.70209482
1972,1,51.65522395,37.08678011,45.69623482,62.73675081
1972,2,96.79097181,102.9467926,102.0656389,113.2960032
1972,3,67.91063734,72.2750992,88.0413379,67.94685865
1972,4,74.95485664,90.7772772,112.1310048,78.49154018
1972,5,30.47219536,51.49946315,62.80192002,27.80906961
1972,6,86.42974228,140.08833,125.5910457,88.80726625
1972,7,195.0596618,451.7510528,294.7886503,207.5781046
1972,8,180.0957304,259.5114698,226.839998,169.6514309
1972,9,105.3714088,202.2379389,144.8724143,113.9510068
1972,10,106.1111096,89.94561002,122.1103364,91.40314104
1972,11,30.58438197,36.0776392,31.29362835,26.42174073
1972,12,52.40971595,23.65048551,27.85999551,79.89364095
1973,1,175.4861933,167.8102547,155.1491316,193.8495879
1973,2,54.69723343,71.32355373,70.63127309,60.84778761
1973,3,92.368026,135.0265555,109.5355576,78.93316826
1973,4,25.03345025,37.90904579,45.64992463,24.98906269
1973,5,63.50861065,118.6347676,116.3295328,57.48115354
1973,6,166.1860827,356.5662226,259.0515594,115.452887
1973,7,270.7446889,451.4871508,346.2420726,228.8641891
1973,8,262.8730343,394.7442541,315.8429293,228.1854926
1973,9,189.7292754,251.696552,232.6133491,162.3567171
1973,10,145.0544664,160.2075743,198.5424893,96.18102775
1973,11,5.472923174,10.92436871,7.243604211,8.557617191
1973,12,17.38202483,25.39433237,21.52280615,18.13748876
1974,1,93.50781089,96.59445738,93.0374668,97.16178887
1974,2,49.5079801,50.76771107,41.53519603,69.50349092
1974,3,45.08077342,69.84250355,59.42562933,55.88271417
1974,4,47.63790369,66.70516896,90.88987879,41.38651027
1974,5,52.9414445,102.3257426,117.5322055,56.12061503
1974,6,98.50058403,158.0714046,156.9665778,97.47213234
1974,7,246.2861896,344.9368806,285.1989402,219.8133373
1974,8,260.753167,377.522718,313.1994202,257.9200563
1974,9,64.91103814,111.2358722,109.8597578,63.19334336
1974,10,15.42036608,26.29598592,38.94012769,20.34921456
1974,11,9.073010793,12.28975083,11.527609,12.41062717
1974,12,70.15180291,57.17978703,55.61396407,93.43147545
1975,1,125.5676078,139.805168,138.1565427,129.7137205
1975,2,76.89364054,73.31709144,74.12027432,89.68880982
1975,3,129.6053142,136.1221347,128.4795043,139.9151899
1975,4,39.79802434,55.09631579,66.76960219,40.38507707
1975,5,59.22377886,78.65661561,109.8819415,56.76312635
1975,6,198.1634727,327.9399873,287.8674423,181.9051296
1975,7,197.3960501,283.2747274,246.8087758,150.9174201
1975,8,262.3107979,352.6543235,308.5582082,246.4738318
1975,9,169.9099892,288.5357868,231.0849475,163.5104224
1975,10,32.81678698,40.58334482,44.29238916,46.65774569
1975,11,7.010194569,2.374458162,2.187856765,14.22653236
1975,12,7.687796072,8.089867282,7.582136365,14.6369261
1976,1,34.38960626,26.29509277,28.78353261,46.65124168
1976,2,124.9999769,100.3688682,104.422354,158.0726114
1976,3,114.7334624,92.67421823,115.7636882,130.6299523
1976,4,51.52756804,83.2879848,77.27905056,58.08424654
1976,5,54.65470466,89.44162236,91.2696485,37.48087814
1976,6,143.4339074,235.3570901,203.9567338,116.6793476
1976,7,244.3908273,400.4721826,273.7233614,225.7761699
1976,8,223.3608448,316.5153673,262.1783503,192.3169623
1976,9,79.88410416,138.1022785,126.7779143,76.58400684
1976,10,9.78627485,14.92479453,17.47564382,25.23519142
1976,11,8.051418203,3.378344541,5.706820592,13.1203406
1976,12,12.21786466,6.431081707,6.486754551,22.01489531
1977,1,98.63864578,68.53908514,73.29411197,121.2965316
1977,2,41.65244489,29.60439429,31.54527015,51.23009738
1977,3,29.15017909,37.27621892,41.50232489,36.61781125
1977,4,106.5500547,136.206244,150.3426389,117.5867197
1977,5,73.32167862,134.3594743,129.9263703,72.24267564
1977,6,105.2960515,142.3904446,144.5886438,94.2537662
1977,7,296.3937444,469.9994513,347.5748536,255.154408
1977,8,196.2728928,388.676965,282.3427744,195.9938891
1977,9,68.85125552,144.1430435,118.4213609,69.39482286
1977,10,31.7029271,40.12339203,36.05780101,45.99962712
1977,11,28.23886998,16.42924046,14.1280245,35.73703237
1977,12,57.22933328,52.80821767,52.38326562,75.93695783
1978,1,22.63707914,17.77997293,18.4847803,37.06548521
1978,2,94.1659251,86.57228969,90.84898375,108.0436738
1978,3,163.4111086,173.8554061,170.2902859,168.0568826
1978,4,43.17847461,74.44766189,76.35329233,38.98591827
1978,5,31.79933095,46.34903189,52.09039923,29.30103476
1978,6,165.0260023,299.4729286,214.8354062,154.4128193
1978,7,273.4270928,385.9217796,343.5816941,243.9714784
1978,8,197.4502199,271.5217617,234.9960241,200.2307516
1978,9,94.6824539,145.5461227,134.7932633,82.5845678
1978,10,13.67260895,34.83807345,27.71321141,17.84112805
1978,11,47.25959412,29.53690089,29.10225272,78.96643365
1978,12,15.65672928,18.08709238,18.07086851,15.55807768
1979,1,70.47842545,54.49069396,56.7232463,90.10639903
1979,2,115.563866,115.6948791,112.373405,128.9658678
1979,3,121.5274024,117.1980958,108.715487,156.441369
1979,4,30.33114391,67.47109372,63.87522847,25.26397656
1979,5,66.56389286,102.8135742,111.4137565,90.01500214
1979,6,136.3064343,207.4348693,170.1542477,102.7280723
1979,7,203.7792282,341.8373165,263.5912287,191.0598524
1979,8,160.5853425,234.1952505,182.8699517,140.8907238
1979,9,52.84158383,72.44142428,79.21211904,71.4998427
1979,10,37.43153685,42.10487118,49.91417738,41.43405306
1979,11,30.9469979,22.11883748,31.82088608,38.42757033
1979,12,68.83103051,67.57966909,63.94392004,77.88037613
1980,1,28.77160752,14.3776395,14.91414697,45.07773246
1980,2,85.2730861,84.3508428,79.38306166,90.88881342
1980,3,98.49908112,108.1491121,106.9003432,108.5736573
1980,4,32.9196246,58.5224885,77.93586475,26.44925983
1980,5,76.69025683,106.606446,133.9657041,80.96410002
1980,6,147.9074011,223.8554974,216.2307145,142.0410819
1980,7,317.6816536,476.3732346,386.8659165,280.6575244
1980,8,255.5841548,393.7852637,318.5448266,219.2889411
1980,9,123.6131386,185.9332933,167.9813817,114.7995396
1980,10,42.57396041,62.16282038,57.43311294,49.95070817
1980,11,12.85838529,15.65848183,14.00078314,20.32498595
1980,12,35.66575812,45.27557705,35.74330143,42.50087572
1981,1,84.97895,96.53927253,91.49281364,96.66314557
1981,2,46.89853879,38.19195885,38.45736236,61.436005
1981,3,81.289801,115.2042939,112.9226066,76.38298816
1981,4,58.24712183,65.31268441,76.32882713,53.53233147
1981,5,87.97163737,140.0690373,127.7755707,74.41600214
1981,6,97.06526337,143.2446608,119.0708298,100.7567065
1981,7,308.749921,548.501389,396.946578,272.238916
1981,8,189.3096165,269.4731308,230.7108649,183.433072
1981,9,136.8123397,224.5944223,208.2237324,119.1815222
1981,10,18.83513103,21.54601051,26.67661096,24.27844628
1981,11,53.84344851,67.7056062,58.07174792,66.45405807
1981,12,21.9831065,28.26730656,24.76375199,18.89221904
1982,1,120.0794089,93.69479817,108.7182956,134.0460399
1982,2,125.6139089,98.23998182,101.9929576,140.8637573
1982,3,103.6310696,134.0416708,123.0677838,114.3822526
1982,4,68.08494267,111.5624574,108.9238921,66.50101146
1982,5,137.8093245,200.873273,189.5791487,139.878404
1982,6,58.5642231,115.1805261,97.4680767,68.23298457
1982,7,167.215058,299.0274527,223.0540119,154.8733769
1982,8,236.005775,341.2613751,289.316991,213.2348536
1982,9,89.12734568,145.5215716,136.6122634,84.54135274
1982,10,22.20125116,35.27645617,43.23631581,35.346444
1982,11,29.59216746,24.58504522,23.4697704,30.3034219
1982,12,49.04961324,46.00141347,45.42583169,56.76863837
1983,1,79.94517906,67.44343414,61.71355592,94.92325874
1983,2,64.65592186,48.29982576,46.01215643,65.88040152
1983,3,132.2371882,141.4439915,134.9121935,145.8649659
1983,4,92.70193464,152.5562114,134.5985329,92.48278859
1983,5,70.07073795,138.5170806,125.8844733,56.02629351
1983,6,71.86252992,112.3564574,117.1804997,75.38863522
1983,7,161.1389451,311.2891837,233.0500986,150.6577595
1983,8,201.5017675,307.4815298,234.5756121,196.2190723
1983,9,172.4427025,288.1717795,234.6305057,165.3646535
1983,10,89.35733008,127.0720961,125.016497,71.70464576
1983,11,3.980107016,12.55845123,10.16964996,4.51860115
1983,12,24.77370047,23.74896564,23.00931406,35.30835162
1984,1,43.50485315,34.7850535,33.01531251,63.10334219
1984,2,110.7428089,90.99060833,94.32182001,148.2337185
1984,3,11.85196503,25.02215881,27.69555769,16.01321765
1984,4,83.89686545,106.6422309,131.0134074,81.649245
1984,5,24.85996116,43.28368221,33.93949955,19.23320684
1984,6,168.5637332,334.7169418,246.2635294,171.7189547
1984,7,184.712363,423.253898,299.029608,198.25843
1984,8,198.4150571,306.8440403,239.1819787,193.987161
1984,9,113.1911666,176.1191333,189.7424257,85.48665433
1984,10,10.70333267,18.69000773,19.48962265,14.28702578
1984,11,13.97637886,14.21863391,17.89283256,17.51322059
1984,12,100.8223809,64.00682864,72.35008953,122.3187681
1985,1,62.92126452,52.63770433,64.2185846,70.20252674
1985,2,20.63691076,22.91716626,16.83802745,30.03364412
1985,3,53.3904265,47.30764732,67.79187811,55.32084648
1985,4,65.73885882,81.87139593,101.4043369,63.05512988
1985,5,42.45928215,62.28456036,78.10436398,58.03440372
1985,6,87.97947445,154.6580122,157.6827137,107.020672
1985,7,270.2318089,436.5314535,315.7912813,241.4970156
1985,8,218.6971435,303.4751031,244.7814918,200.9541094
1985,9,141.3413676,237.3844664,192.448017,134.4928724
1985,10,127.1283301,175.9514102,149.3359628,142.8882122
1985,11,14.74717308,16.33566888,13.28724955,18.76357948
1985,12,82.84263197,90.40498373,88.10904549,94.92742461
1986,1,11.84470576,5.998227378,7.920911052,18.03645348
1986,2,66.17793121,84.81093055,75.0803796,77.29483305
1986,3,104.9718266,97.1180448,95.95610221,115.1140254
1986,4,76.52223985,96.57653212,109.9939982,76.10177908
1986,5,107.438013,170.1202705,159.6574224,101.9982498
1986,6,105.3387823,181.973136,156.543506,102.6377571
1986,7,308.2726031,543.1396605,376.969684,276.1910446
1986,8,163.056217,242.0563007,201.0666437,157.8059409
1986,9,102.1252698,146.8628343,145.0279689,81.92364269
1986,10,44.35965434,61.66272626,57.53204822,48.15724745
1986,11,24.64597866,14.60259128,17.75213278,26.49468504
1986,12,65.55557654,60.54633234,65.71252742,79.0326291
1987,1,29.46392266,36.98753421,37.29021754,33.95103755
1987,2,51.40101872,59.14519781,56.14503615,60.80203213
1987,3,22.09717327,48.11759848,45.12787162,28.32275583
1987,4,116.1322426,124.9221078,145.5802399,127.0668198
1987,5,85.1187971,133.1533492,142.6262508,89.38915804
1987,6,33.67385927,58.95149933,54.01492674,58.46947187
1987,7,175.8556076,350.1833009,261.5713551,179.0631719
1987,8,215.0121432,328.9217985,278.2623321,203.676222
1987,9,74.16367758,123.9010086,104.749234,89.19571893
1987,10,56.72499829,56.56011049,62.65479006,70.83167633
1987,11,2.020704412,1.710128954,2.070107389,4.347013239
1987,12,41.43552333,30.61957514,32.20390464,42.74928955
1988,1,32.24457438,25.76809862,25.66467785,40.38063098
1988,2,128.8834962,99.35585981,108.8935659,137.119111
1988,3,167.2620916,157.1159326,164.4140612,178.3781001
1988,4,42.50797291,68.28541279,80.00289856,35.37746059
1988,5,44.44914439,82.28064808,76.27034406,44.78773023
1988,6,104.5069503,186.565129,167.7121962,106.5693474
1988,7,307.1727531,487.7647253,346.8612859,300.6595488
1988,8,264.1937739,505.9850934,373.8541551,226.3217461
1988,9,69.41672025,135.1884794,122.0556714,78.26481786
1988,10,8.78792888,24.00139925,26.39784066,13.0001106
1988,11,11.79911398,35.66068421,28.79769891,10.94784113
1988,12,82.46260321,70.31493724,83.48103896,95.76635022
1989,1,116.3281752,120.9895358,113.9838135,138.2869713
1989,2,71.88520785,42.4506001,42.15560014,101.9958033
1989,3,33.20834701,51.50101778,52.03628621,41.66129176
1989,4,61.14898145,44.72284217,67.07933674,79.6464071
1989,5,60.62405348,76.82346315,87.7682474,49.52350746
1989,6,103.2884588,157.070381,163.3687041,113.7693725
1989,7,230.6400208,412.6089758,315.9665511,209.5197133
1989,8,203.1717703,352.2181434,262.8569454,195.8539404
1989,9,90.87483818,162.6680968,160.9811991,74.35124683
1989,10,18.04379879,37.11433188,39.47941991,20.40371214
1989,11,49.36238038,50.25418522,50.25063089,67.26288995
1989,12,47.67856536,35.56031543,36.64905778,64.22014161
1990,1,30.96445336,12.50240458,16.76770853,46.30161508
1990,2,121.0310065,141.6415333,122.1713911,135.4659228
1990,3,145.4711668,171.6244939,168.7265981,154.8310997
1990,4,38.69227298,58.90180232,54.73867419,42.90014264
1990,5,70.0025851,163.8630676,134.3341474,42.06455801
1990,6,118.5153031,176.2993853,159.0360699,111.8694799
1990,7,256.082278,451.882759,342.43866,235.584652
1990,8,206.0408606,310.6447933,242.9221098,200.4402361
1990,9,116.1596589,206.7211939,181.1021365,116.6716907
1990,10,16.20248577,33.35869598,34.16361772,22.20973306
1990,11,38.10142411,39.79178259,35.20954082,41.18278067
1990,12,76.92711691,83.13261726,77.20922644,99.92779727
1991,1,42.37786553,35.98589772,35.21111994,54.04622381
1991,2,83.79732349,67.31605237,80.81372388,93.45028988
1991,3,104.642418,113.6159623,115.5598875,106.5442961
1991,4,82.1029875,111.8256161,118.0326603,93.31162662
1991,5,48.50894195,64.96333472,86.05409832,59.43339931
1991,6,74.55396202,150.9768831,123.9239306,51.48299424
1991,7,203.2418424,312.6016488,256.57334,205.3646874
1991,8,248.3546079,350.8908069,296.0727998,225.3428226
1991,9,93.36063601,146.2084701,127.3802787,94.25780124
1991,10,5.901460424,19.05130543,19.03795303,12.1497564
1991,11,18.7770749,25.44252024,23.18312083,25.92401912
1991,12,70.96983873,75.78400237,70.63440702,86.74885491
1992,1,111.2591983,121.7709224,126.7769534,112.7121499
1992,2,88.5510152,63.61030462,55.0398159,114.5202619
1992,3,114.0220514,73.8837151,90.51505608,149.3172199
1992,4,36.54270262,56.5178355,63.84898857,29.5526092
1992,5,88.0917186,95.88129025,131.077472,74.19162782
1992,6,60.94049495,144.8438542,114.8576535,87.46962592
1992,7,188.8704648,304.743683,244.9934165,174.6807772
1992,8,269.4548844,439.5167552,344.978279,241.3853636
1992,9,99.63489991,175.6146618,139.8903435,94.15283894
1992,10,63.42200273,108.0355064,106.8384123,53.88196713
1992,11,35.49489969,40.46109421,34.99605182,37.65881804
1992,12,11.28546262,15.59904297,13.66703217,14.95007367
1993,1,106.9659589,87.57585928,87.0170534,142.9032902
1993,2,113.1679142,120.3410545,109.467125,118.7051177
1993,3,160.7467945,147.9200174,152.2373608,171.624611
1993,4,42.75171651,82.55098845,72.22238721,27.41773337
1993,5,49.01800951,69.77177003,62.17876467,69.28252806
1993,6,126.0820295,196.1042403,164.2767177,138.5144884
1993,7,200.025185,378.4355118,298.3945247,167.7684796
1993,8,165.7899308,352.7709967,229.3284075,165.3576436
1993,9,165.8179943,242.7188876,218.8151199,156.6329485
1993,10,7.213926534,21.84976784,20.812887,13.48586326
1993,11,24.6442483,17.23525715,15.12829715,35.08766989
1993,12,25.8332659,11.56548387,17.94130814,31.96020117
1994,1,97.57731079,83.22373447,84.14801123,114.8391959
1994,2,107.5940247,114.4776383,105.4706213,144.8638734
1994,3,18.46534086,23.03709896,24.60069334,22.95280296
1994,4,123.9437494,159.4031578,175.6257402,117.5342051
1994,5,58.65564027,103.468523,114.6704374,46.35507707
1994,6,123.9916502,203.9494746,178.706736,119.0684708
1994,7,272.875455,391.1300701,304.7907877,257.7951583
1994,8,296.1405182,346.2984561,313.0773077,287.6013782
1994,9,72.74925279,107.0697944,102.9611906,76.45893851
1994,10,9.488870747,24.27396252,25.48710865,18.89468023
1994,11,20.50095298,29.93772148,24.61540336,16.63106261
1994,12,32.16812544,18.46062387,15.99706074,49.50413152
1995,1,125.7487735,109.4582569,108.7359001,138.6356701
1995,2,110.8185401,90.39169176,94.77119014,136.3015506
1995,3,123.5365163,113.4332312,121.3540409,134.4595318
1995,4,55.35045338,64.93837797,81.4016288,60.58494748
1995,5,64.43674923,105.4909774,114.3266813,58.70069745
1995,6,105.4876854,201.3388137,158.8605113,117.9362666
1995,7,268.2230713,455.2135202,346.5523293,230.083029
1995,8,281.4570727,487.4727709,369.2636317,238.8485361
1995,9,82.120169,149.6335357,124.8507936,74.71174376
1995,10,32.69118861,40.82924357,49.33825345,49.47278756
1995,11,38.41676898,61.77330922,56.49180884,47.5135296
1995,12,30.4919138,13.58846985,20.42451548,44.83736051
1996,1,96.31091711,76.69099729,68.277748,134.3115937
1996,2,132.1277246,148.199771,141.6357019,126.9774558
1996,3,98.47435627,83.77435578,86.42924491,112.9445433
1996,4,68.57576044,121.7702407,108.9301628,60.87878745
1996,5,49.11092563,86.70747335,107.9623275,61.2780955
1996,6,157.7654984,313.2536937,215.3049937,137.1854154
1996,7,257.1644044,511.189542,349.2449869,217.4307706
1996,8,242.0859359,319.3384869,283.7480753,225.0362964
1996,9,129.8202269,214.0092316,175.5311636,124.2771473
1996,10,121.3415612,107.9457975,152.8067854,82.08400662
1996,11,11.17008908,6.480067178,5.834012199,21.83516446
1996,12,7.574314705,4.284827235,4.930390924,13.20269281
1997,1,65.73703379,56.95475719,59.55376145,73.68732643
1997,2,88.8682877,57.09320886,45.25544174,134.1686333
1997,3,76.26725911,82.62155892,82.16929145,90.63492885
1997,4,69.8534177,145.4073985,128.5380703,45.80303315
1997,5,69.16440332,116.8690087,125.4295538,62.57648957
1997,6,106.5213337,225.5299378,192.2300386,107.5810998
1997,7,226.5451768,307.1915663,268.1746217,217.5489565
1997,8,188.3121436,338.8784708,264.9621259,152.2186091
1997,9,140.3910589,205.1874339,157.1574825,140.7839604
1997,10,45.75039423,92.16922084,83.28612422,49.74487282
1997,11,97.35750698,98.43078139,96.53528105,107.3471545
1997,12,108.955918,151.8237023,132.2043374,114.2412905
1998,1,27.3964518,22.35815082,20.03618323,33.96505132
1998,2,80.03402276,78.88342476,74.16822445,98.0335016
1998,3,133.7604041,137.9910443,131.3112085,152.0816842
1998,4,32.11378184,68.22632819,44.21450721,32.27148244
1998,5,57.01120349,97.29543794,88.72165901,61.82125584
1998,6,112.9058978,205.3011445,189.4634769,106.5969118
1998,7,255.1921658,441.8031477,314.3439327,233.3446253
1998,8,237.0130658,400.2145187,296.4079649,240.8011415
1998,9,87.04679065,148.3244355,142.5194003,86.01756915
1998,10,55.07651481,58.91541824,57.06867505,82.91943329
1998,11,33.46823179,35.21971282,34.20540053,30.4559673
1998,12,17.86187188,10.9384599,9.337599116,32.18726471
1999,1,49.26064963,50.79582798,51.80938108,68.57562411
1999,2,59.36430699,52.05976353,54.3192221,65.34913497
1999,3,36.17448163,18.95642544,24.65607449,70.54512732
1999,4,15.80067325,16.22640285,23.30499321,15.55285474
1999,5,64.19844762,111.2418796,111.207025,74.33630852
1999,6,161.530049,273.4786437,234.4627332,154.501535
1999,7,256.9171406,445.8755954,315.2369872,257.9362385
1999,8,249.035682,360.573218,304.3107483,243.7771855
1999,9,127.6177037,195.5468075,162.5916386,134.5061871
1999,10,63.22810959,73.59620607,76.12574852,63.8283228
1999,11,6.422566493,9.146593034,11.03212182,11.37380499
1999,12,24.5597648,23.09472431,16.83387097,29.02865844
2000,1,84.67646466,45.41312696,45.28547058,113.7776876
2000,2,118.5327815,118.4041301,107.9542715,143.0931991
2000,3,149.6425203,109.0455649,104.1897423,171.5387796
2000,4,34.38822823,45.92715471,56.46996949,32.37762086
2000,5,103.2747777,157.0569203,123.8647125,85.45133306
2000,6,247.3012928,383.7349141,330.4875299,231.4654565
2000,7,256.6043018,405.814074,327.0935544,243.5397405
2000,8,230.3916527,339.1993546,273.4568226,217.1264219
2000,9,88.51833044,139.4259921,145.7888052,81.50118237
2000,10,25.66374515,28.88953556,26.82024928,30.97627015
2000,11,51.18408875,37.79048671,34.18833575,74.44083651
2000,12,29.7846212,15.10361211,22.56023068,31.28446952
2001,1,35.84004603,41.90180919,35.49516238,47.05726966
2001,2,50.88445323,48.94851399,45.42881185,61.72700383
2001,3,91.84553596,108.6948074,118.1448042,87.58905398
2001,4,52.95993121,102.2520548,109.7243648,47.41023079
2001,5,83.6751479,138.9957624,109.6238373,82.12951197
2001,6,175.0494781,243.1846768,231.6306759,160.9555835
2001,7,265.6104821,379.3801313,303.1848471,249.5325733
2001,8,185.9451641,259.2653338,222.6158114,179.5176595
2001,9,49.60276568,97.51127136,107.0927169,33.16209609
2001,10,31.95274707,55.31425155,55.91219779,44.94524331
2001,11,15.61847982,11.56947579,12.15602009,17.28969675
2001,12,26.80494976,11.88698627,15.86323336,38.89441162
2002,1,112.2820408,98.09664823,105.9956271,127.2111504
2002,2,133.0859082,120.4880208,122.3632228,156.3555619
2002,3,65.87721962,69.94420316,78.21049186,69.02036762
2002,4,81.25879632,90.95897111,103.5453384,87.89406242
2002,5,60.3276434,95.57483072,75.84980644,44.55603709
2002,6,80.8776217,146.529449,132.2938109,92.2623742
2002,7,167.6489619,347.8627442,242.9303265,168.936962
2002,8,283.6551118,419.145714,313.0878288,242.9086434
2002,9,148.498638,202.6152357,186.506211,139.1058744
2002,10,24.04690524,54.92800723,53.19455884,27.99283314
2002,11,32.81946872,44.2076848,41.9973072,28.06361534
2002,12,25.73720144,31.12778084,29.03834666,34.66412369
2003,1,61.35919665,64.32666123,58.00522251,70.06624461
2003,2,125.2539378,142.2672249,136.2642372,134.9797029
2003,3,49.94762343,62.47584737,51.69526183,70.07283653
2003,4,60.501845,81.91103809,92.74872273,51.08713783
2003,5,55.34794334,64.81210115,77.34151269,62.19016804
2003,6,110.8454145,173.0911032,167.84105,111.0388566
2003,7,269.2596108,490.8667649,351.8667742,255.3687564
2003,8,196.9688586,355.9939591,293.9958244,189.5799376
2003,9,200.2528678,325.4915653,260.5864321,178.9983947
2003,10,12.80378435,26.55972552,23.6494569,14.55292743
2003,11,18.89839416,12.72907629,12.71822417,33.02735796
2003,12,39.82901479,29.96376345,34.00824673,31.6934984
2004,1,87.9100502,83.00142381,80.85462685,91.2116042
2004,2,39.85935424,21.32614396,18.72842705,40.64726882
2004,3,8.424784891,11.79492309,15.16400818,13.26819509
2004,4,76.27111309,88.30930283,100.7482863,74.43850187
2004,5,72.32955764,85.38874181,84.37836301,88.03095227
2004,6,105.2230209,152.7599808,151.0610497,113.525244
2004,7,195.1183742,293.8477804,245.9607489,196.0215427
2004,8,192.1138723,277.1963659,240.5225862,181.7071707
2004,9,80.6184311,166.6517712,110.5308359,81.58197634
2004,10,69.29968468,108.3791422,100.428682,67.97806519
2004,11,18.84870198,30.58794438,23.05246842,21.1120615
2004,12,46.31448424,17.83781171,24.11439121,52.79317169
2005,1,124.4375438,115.5028062,114.1077362,133.5993866
2005,2,132.5233266,115.2298126,116.1829041,154.343071
2005,3,51.73772372,81.68546746,71.28280923,51.32071916
2005,4,93.9960101,102.2602803,125.5814757,85.90610357
2005,5,61.64846506,78.82084893,95.71523757,53.20968757
2005,6,69.26062835,118.8501635,112.6967136,76.98958472
2005,7,280.6519163,434.581568,345.2615625,240.0140666
2005,8,249.2184007,326.6647926,286.4622362,225.5058555
2005,9,145.7092705,246.0682002,197.2624676,126.0786966
2005,10,32.10569456,61.19512244,49.25643102,43.49759634
2005,11,4.014006938,4.201016575,4.608019654,9.014377532
2005,12,17.44462553,28.70746628,26.15560423,19.62501844
2006,1,35.11102425,9.666554916,12.73318527,69.51047599
2006,2,26.44598366,21.06030061,24.29424059,34.29026457
2006,3,74.04933256,87.35327208,96.14671152,66.17603369
2006,4,79.2059499,109.8215728,108.8584571,78.86259672
2006,5,67.44363165,131.1526969,107.590522,51.78009601
2006,6,106.2965713,161.3198553,152.0524262,119.5832895
2006,7,244.2028379,334.6537728,293.4335129,227.6965691
2006,8,224.4707292,333.882793,277.5779545,223.3554852
2006,9,82.27504848,123.3945859,109.9225491,77.78946973
2006,10,20.8826843,43.86279112,43.82256509,28.3702496
2006,11,15.23788603,18.23323205,16.16190067,38.8993095
2006,12,45.60848711,23.89960332,30.30901346,69.14960825
2007,1,24.05153052,4.737449934,4.943544008,43.34126781
2007,2,121.4461446,129.930094,120.7798164,122.5747799
2007,3,140.9410354,138.7665493,140.8641091,155.4415248
2007,4,22.63473319,57.63196957,57.14193836,22.26305279
2007,5,80.28291698,118.1442161,126.0000187,82.40318808
2007,6,118.4112006,178.1402832,142.6410049,129.0923147
2007,7,312.4156119,649.8327671,464.3967638,259.375097
2007,8,211.359128,328.9467213,257.982849,215.7446921
2007,9,164.1850461,291.1980326,219.690231,207.0351943
2007,10,30.22505726,63.98057469,50.00996579,35.89248878
2007,11,22.70468848,26.6155271,21.06773895,21.45791568
2007,12,37.90953746,22.71996149,26.29592702,50.27602462
2008,1,122.0171224,88.49383032,97.85824735,165.0933473
2008,2,50.46989199,39.96675298,36.01663334,75.42441258
2008,3,23.61511962,45.80979759,54.92953484,20.44376207
2008,4,43.73291063,77.19483404,79.8728902,47.24553421
2008,5,86.91675321,149.1054123,154.5674383,70.50732837
2008,6,208.2335692,338.8600724,274.2431802,172.1207922
2008,7,280.2196927,417.8635148,342.2265257,250.8696116
2008,8,225.8733454,357.4674974,280.9138871,212.372801
2008,9,131.1633851,226.4424434,183.222177,168.7741437
2008,10,24.76000931,47.51223688,49.83481202,30.65324292
2008,11,24.64593244,16.32016144,13.36704939,32.02848357
2008,12,25.89572875,8.818409004,11.59692813,31.45146833
2009,1,20.15676333,15.92589255,15.33473256,26.45923454
2009,2,55.36493757,42.6928269,41.22875688,68.04706822
2009,3,56.69898644,72.80661569,79.89316738,58.8882677
2009,4,35.42398071,41.31783527,53.03035642,41.80600657
2009,5,79.35364042,114.8522765,137.4639271,73.25989829
2009,6,46.03064335,79.5832468,72.65284068,61.43358025
2009,7,184.1491151,316.8735054,276.7412367,178.5228608
2009,8,228.2313716,459.0023158,341.5884441,202.2981616
2009,9,118.8813537,173.6345272,164.7235319,111.0642063
2009,10,113.868541,203.8707139,156.4717268,136.6567987
2009,11,48.22491761,43.48323901,48.04251996,60.2397313
2009,12,17.25873451,9.938820393,15.67072485,18.41811971
2010,1,23.40057203,23.10477406,24.30916594,28.7551113
2010,2,99.88471368,99.83729394,99.64630533,105.0185166
2010,3,15.70709449,20.86720874,29.92520642,24.5187384
2010,4,20.92713416,25.14414134,46.27390964,33.66238564
2010,5,40.54892069,60.76945771,71.96699484,56.86052559
2010,6,71.38455733,114.291472,129.3027991,85.10704418
2010,7,277.6596816,480.1068091,355.266741,243.5671811
2010,8,323.5078302,526.0201221,357.2285945,299.2364349
2010,9,200.1930263,318.970759,254.2472946,192.6984897
2010,10,21.40887657,46.35491619,46.05496877,32.40344826
2010,11,22.16224689,16.06369936,17.83078215,35.26603769
2010,12,37.32498219,34.95207536,31.41062473,54.3182317
2011,1,56.18755506,48.71894344,40.91500303,68.66002885
2011,2,124.602682,91.33198813,104.065865,148.5802968
2011,3,51.72867164,52.20629797,54.14018936,63.56483784
2011,4,68.65618456,97.66346882,115.2361891,51.3026631
2011,5,55.64740682,113.3455849,106.6969493,36.64445824
2011,6,205.1288745,310.0330942,287.1547999,188.1549605
2011,7,301.292906,477.979313,386.805627,259.510944
2011,8,288.8986291,424.2945206,352.956941,242.6504959
2011,9,117.010835,204.2286953,178.1214181,105.4717324
2011,10,18.10333829,41.94476043,37.39572826,29.68163955
2011,11,36.89457965,17.55356657,12.19421713,40.39285006
2011,12,20.36769993,5.592293473,4.462186745,41.24020805
2012,1,102.8703242,86.66536681,85.36205825,127.0867645
2012,2,112.7892055,68.48500912,99.539726,120.7060196
2012,3,64.0326849,40.50150328,38.20361806,95.22173532
2012,4,87.24651496,108.125916,130.2766156,96.69947327
2012,5,30.31710215,55.37122942,81.80509262,26.5610677
2012,6,44.02675908,90.19855035,82.00839519,59.8875385
2012,7,302.8903445,446.9018561,364.893829,263.397233
2012,8,259.8058159,344.018425,289.1605806,233.5761092
2012,9,185.9101657,289.2222922,246.1466146,162.2533296
2012,10,18.48796289,32.88612747,37.08804371,27.78395749
2012,11,21.04275154,21.20797674,20.6715753,26.74623182
2012,12,27.85367867,20.27181111,20.967672,40.9681657
2013,1,89.85339802,78.73010115,82.49409267,116.2801172
2013,2,140.4824314,147.3576113,151.8790828,137.0520067
2013,3,13.32821049,32.65616105,28.02639403,14.25537181
2013,4,44.80776091,74.05155383,79.75757419,33.28056423
2013,5,37.27666322,56.56520033,68.54795128,35.07285076
2013,6,282.1827071,454.4412981,373.1897935,265.2393335
2013,7,394.9399695,644.7656433,462.508556,341.9159813
2013,8,236.0043983,330.3362767,272.0654062,230.2898795
2013,9,77.54772011,148.9037094,131.0226167,90.01545022
2013,10,76.94480399,115.1022646,113.1823531,57.14209299
2013,11,25.93439865,21.74608074,21.68511611,30.47569906
2013,12,33.01794364,24.06452769,17.73545213,49.52791101
2014,1,86.4226044,68.81862825,82.19397216,86.88257206
2014,2,102.4853538,89.43059278,93.16920672,129.3185951
2014,3,48.44760502,61.33539421,58.28032901,56.0648906
2014,4,60.54089435,73.13281397,95.62823813,67.0692195
2014,5,60.14089809,101.5216555,115.0146242,53.49074064
2014,6,52.03565444,82.02315312,75.79020627,73.79494178
2014,7,292.5067559,443.3864697,346.4021001,275.8324867
2014,8,203.6586143,334.3026969,290.8769029,202.0384316
2014,9,86.95520312,145.6613476,129.8154989,96.49009495
2014,10,72.53700617,133.0689523,109.6712704,74.41638841
2014,11,8.0065824,4.835173367,4.44124926,14.86870726
2014,12,35.82986251,48.24558276,44.20711023,33.76289909
2015,1,142.6025405,143.7851904,149.9722223,150.6820427
2015,2,67.53116718,64.58228739,64.00639759,75.06063298
2015,3,134.3114204,152.8041417,155.0678286,139.5372387
2015,4,70.85239067,120.4249359,94.94511949,54.19493881
2015,5,27.65858492,56.79638385,59.56194793,36.10459989
2015,6,136.891057,236.7140882,222.1379924,148.0416894
2015,7,231.8443326,311.9052473,242.5787957,186.2115299
2015,8,236.7682392,322.1403304,298.3545946,200.5442769
2015,9,40.99058915,79.19687466,80.40081209,42.15077926
2015,10,28.40663808,48.03782606,41.84249988,28.22695297
2015,11,22.25548493,13.97030485,15.19821562,40.3627644
2015,12,35.51728303,13.83013515,13.48665515,58.40744356
2016,1,72.49189752,44.69366387,52.07071017,65.47502652
2016,2,46.0350222,42.98697545,38.85320523,59.78589255
2016,3,63.47246752,76.87882963,85.02792646,64.03762611
2016,4,36.33347164,32.24810122,59.91982174,42.15119269
2016,5,75.17451698,115.1039754,108.2799309,81.45197134
2016,6,117.8565327,203.9751687,166.8059961,119.5258581
2016,7,324.3997818,529.6917967,416.4952128,278.6021181
2016,8,229.8150561,349.2112154,283.3643146,215.9423987
2016,9,65.92650966,150.0704753,132.7595414,66.1322868
2016,10,26.15207184,39.96745896,43.05771001,42.28662064
2016,11,1.878848048,3.880836455,2.419592967,5.862014862
2016,12,18.94449103,14.47632074,16.00138932,23.31950871
2017,1,69.57594902,78.50009545,67.62633501,94.24422009
2017,2,40.2782162,32.10651607,25.33941524,64.62350736
2017,3,85.0911971,65.30410435,77.93528723,93.57646682
2017,4,63.98147487,83.74944856,89.10403022,70.6114556
2017,5,93.30363415,149.6264667,156.0461179,88.84388824
2017,6,134.0512699,179.8582579,196.9507255,115.6017873
2017,7,352.4354839,588.3788013,429.5304331,319.4354512
2017,8,241.9460049,344.9591315,295.9435733,226.1541105
2017,9,99.23307977,164.0883376,138.4287034,103.1558904
2017,10,18.68104988,31.05384384,34.02176988,31.92950059
2017,11,27.59226594,25.87453749,22.2539618,34.17890396
2017,12,40.16592625,26.57659275,29.91653341,48.95037406
2018,1,30.53227125,25.38443096,19.1500095,38.45604995
2018,2,53.60130071,38.34774656,49.4821891,72.33090815
2018,3,50.48121664,61.40500094,81.28686457,51.7417987
2018,4,59.52474017,86.733001,82.72079093,46.04900291
2018,5,54.20480116,69.18565664,75.05792249,64.16875008
2018,6,109.5443143,198.2412811,159.7429372,107.0720902
2018,7,355.9271947,576.590209,445.4185715,309.4786504
2018,8,379.3421372,529.4735135,407.5475069,330.8023315
2018,9,97.15255721,176.5861878,147.3423829,103.7748374
2018,10,10.70048383,18.0537897,25.92357758,19.86627972
2018,11,27.71869506,14.42285006,15.42952349,55.28044679
2018,12,28.19605097,28.355053,30.94815065,30.20704831
2019,1,145.4202391,122.9163163,127.7386268,166.1755579
2019,2,194.0261239,192.1378877,204.7955331,207.2438395
2019,3,57.23705956,56.83270889,51.78524275,74.06011106
2019,4,33.15315182,79.47113186,52.35264979,32.26123803
2019,5,40.62934389,65.12004429,85.66503878,57.91960241
2019,6,78.04323847,119.3222869,124.4764315,84.90140297
2019,7,271.1859173,489.0441656,362.98252,219.2241781
2019,8,271.7467534,460.8762571,344.725834,246.2829448
2019,9,177.2879634,296.1229296,240.7241307,163.3098252
2019,10,30.91744913,49.1523929,54.07075757,32.42460517
2019,11,56.85052162,37.79526166,42.60228628,78.10283345
2019,12,71.65064892,63.25910106,69.03890895,80.25096995
2020,1,160.3261541,130.8911491,139.6207437,197.7255196
2020,2,14.25227812,35.01854462,28.28735359,15.23637094
2020,3,68.82739816,105.0159095,88.43559785,85.48332291
2020,4,68.54368767,92.15624682,89.1188264,73.14119133
2020,5,82.59189146,104.2756098,117.1634302,68.01599568
2020,6,170.2084569,287.7080867,269.1847867,146.8924076
2020,7,269.1727125,435.598954,338.117467,269.5504372
2020,8,244.9690477,409.4387018,349.5975423,230.6738018
2020,9,101.4948723,151.2387308,150.3054994,101.6016124
2020,10,7.735217698,22.73301983,16.73992693,7.23141439
2020,11,45.92103756,42.86812709,42.89940602,61.19040342
2020,12,11.50254523,2.617773757,2.714237495,18.71815517
2021,1,52.82337205,21.90010284,23.39733624,71.11812405
2021,2,26.530322,31.32912591,31.97915842,35.99630228
2021,3,57.21524726,43.44889006,56.27081722,63.69167748
2021,4,96.65760493,103.2982693,129.0466461,108.1990444
2021,5,176.5062341,226.8244532,229.4901443,158.1608763
2021,6,248.5479734,437.2513171,377.0440476,234.2776926
2021,7,298.8564224,421.3636873,345.9497619,250.7063329
2021,8,253.1005545,414.6013596,342.1087027,220.0446024
2021,9,173.112095,248.9036226,226.5682892,161.7486001
2021,10,101.7651638,219.5497028,153.7196202,133.4123435
2021,11,14.87606499,9.311814725,9.008190574,21.97476068
2021,12,93.95608263,70.4868323,86.52207628,89.95783404
2022,1,71.25189737,62.93391315,52.95591614,95.11555391
2022,2,82.0520492,82.42166813,75.87740785,94.58517729
2022,3,5.597981359,10.41194053,7.964255011,16.09043211
2022,4,22.42679056,26.86588825,51.31802354,27.69535697
2022,5,94.64719541,108.7212965,135.07391,118.5914637
2022,6,94.10532768,141.7651322,126.2905591,112.7119727
2022,7,296.0758268,409.006935,349.8433227,228.4414409
2022,8,262.5692912,335.0863836,299.1138143,245.3602208
2022,9,174.5105241,301.3665191,230.9810241,172.8822761
2022,10,215.7635239,326.4907962,280.300409,198.1458452
2022,11,11.47483013,13.52832973,13.7576513,20.14554684
2022,12,8.461324624,1.576991346,1.461960996,18.13264741
2023,1,68.22999222,40.89244133,48.37144993,106.3480611
2023,2,24.6467295,11.74621815,7.814350315,46.36927618
2023,3,50.77726275,103.4522423,98.96700317,43.44335335
2023,4,75.88961454,113.5038953,120.684231,72.53276472
2023,5,86.14784177,123.7928912,128.9121412,93.59631772
2023,6,101.8409163,208.9219744,166.9540111,87.77137048
2023,7,306.0321862,384.1881228,362.901822,261.8566007
2023,8,286.9672314,411.5345674,335.8790832,237.6981568
2023,9,107.257721,172.6911642,172.4554839,106.0123548
2023,10,49.35641664,72.20840323,81.09856682,44.554628
2023,11,15.20217583,35.18542507,30.03706768,19.7085694
2023,12,20.25917432,15.54935396,21.71402021,24.55842165
