,year,month,MUGU,KALIKOT,JUMLA,HUMLA
240,1970,1,-3.525952905483871,7.016670680645161,0.5580939358064516,-9.479094862903226
241,1970,2,-4.410142189642857,7.6264914225,-0.008850076785714287,-10.133534877857143
242,1970,3,-1.0377905937741934,11.885557237354838,3.5513834416451613,-6.680772454354838
243,1970,4,5.554274696666667,18.32705216,9.907049703333334,-0.31526297
244,1970,5,9.80993922580645,19.835668737741933,12.864596800322582,4.646991571935484
245,1970,6,11.9606833,18.970969309999997,14.287542706666667,7.875301303333333
246,1970,7,13.46437387096774,19.497757741935484,15.170239903225808,10.450114838709677
247,1970,8,13.605583903225806,19.306788322580648,15.207709677419356,10.937683903225807
248,1970,9,11.4640925,18.2127923,13.385223166666666,8.224653
249,1970,10,8.004938797419355,16.02487210612903,10.728123292258065,3.669539132580645
250,1970,11,2.6974999905,11.558472970366667,5.896745887486667,-2.5768477469266666
251,1970,12,1.673648339032258,11.135869562580645,5.5887888580645155,-4.401522077419354
252,1971,1,-4.694454256096774,6.920620769806451,0.21175175412903227,-10.491590440709677
253,1971,2,-4.527166825714286,8.046878543214286,0.49429777535714287,-10.370883621071428
254,1971,3,-0.3235595248387097,12.765628487741935,4.43145266,-5.838346080645161
255,1971,4,5.834503495666667,16.027686790333334,9.632747870666666,0.7732369379999999
256,1971,5,8.270933923870968,16.6973584316129,10.951456188064517,3.6102347877419354
257,1971,6,12.976759066666666,18.616814299999998,14.613554200000001,9.974111533333334
258,1971,7,13.521531677419356,19.104842806451614,14.980960774193548,10.955775290322581
259,1971,8,12.666266129032257,18.398147451612903,14.20985129032258,10.053789129032259
260,1971,9,11.472531286666667,18.25248771,13.628487553333335,7.668478346666666
261,1971,10,5.237812627419355,15.238013057419355,8.882162894516128,0.29579192580645164
262,1971,11,-0.028122097333333332,11.850633528666666,4.902825068333333,-6.4818421829999995
263,1971,12,1.2786581727419355,11.582853211,5.648414919354839,-4.52029044067742
264,1972,1,-2.14731233,9.229665419677419,2.375291334193548,-7.9617737796774195
265,1972,2,-5.911747168275863,6.1135978699999995,-1.0433649399999998,-11.444734810689656
266,1972,3,0.5296178296774193,13.167101837096773,4.9499776916129035,-5.0918028925806444
267,1972,4,3.0295047243333335,15.580739788699999,7.293758460133334,-2.794636247
268,1972,5,8.642591969032258,21.264163821290325,12.905893078064517,2.775254078064516
269,1972,6,12.165828833333334,20.8653029,14.558468900000001,7.675408666666667
270,1972,7,13.781115258064517,19.889550322580643,15.605264193548388,10.663867387096774
271,1972,8,13.000084129032258,19.214389838709675,14.616433161290322,10.25071970967742
272,1972,9,10.442237133333332,17.84894673333333,12.641206666666667,6.320474233333333
273,1972,10,4.744773706548387,15.309580674258065,8.55192676748387,0.24212701016129035
274,1972,11,-1.7774572173333332,11.942188669333332,3.738577199,-7.229814332999999
275,1972,12,-3.565797505645161,10.087635734741935,2.140965728,-9.644212015677418
276,1973,1,-6.365863496451613,6.1856088832258065,-1.2734905838709676,-11.622686175806452
277,1973,2,-4.4660143375,7.7821072975,0.29004913535714294,-9.782579540714286
278,1973,3,-1.286426250967742,11.102376334516128,3.147279783548387,-6.419004032258065
279,1973,4,5.500414316666666,18.478154805,9.805786341333334,-0.20126339566666668
280,1973,5,8.296012338064518,19.00320615903226,12.070950948064517,3.082693439032258
281,1973,6,12.5020073,19.330648866666667,14.438241566666667,8.701397966666667
282,1973,7,13.557742548387095,19.56034287096774,15.128943064516129,11.00458570967742
283,1973,8,13.055345193548387,18.991770032258064,14.684139161290322,10.340509967741935
284,1973,9,11.534761520933333,18.182740308133337,13.607959721833334,8.3585328764
285,1973,10,2.597051210377419,14.736238866832258,7.2647792638225805,-0.7953477947645161
286,1973,11,1.3756398764333333,12.702081516966667,6.165143994833333,-3.2050844504
287,1973,12,-2.149488042967742,8.596562951548387,1.9942363411612902,-7.748968680290322
288,1974,1,-5.4736490625806455,6.48890661451613,-0.4657640161290323,-11.130112363225805
289,1974,2,-4.72531964225,7.599996921071429,0.19543439003571425,-10.252346634535714
290,1974,3,1.1617558780645163,13.11144419516129,5.458125720645161,-4.4877939525806445
291,1974,4,5.806937175733334,17.9580665562,10.062734531533334,0.15683278986666668
292,1974,5,8.623168191064515,19.430969165516128,11.929947339451612,3.2896548973870967
293,1974,6,12.088213999999999,19.600191966666667,14.0790896,7.647934566666667
294,1974,7,13.265882677419356,19.012958774193546,14.742320096774195,10.413970677419353
295,1974,8,12.627121774193549,18.826824322580645,14.38222070967742,9.78277864516129
296,1974,9,10.871523933333332,17.8126341,12.830422566666666,7.316728566666667
297,1974,10,9.329715245,17.20094692516129,11.787850081129031,4.991569866290322
298,1974,11,3.0234302906666666,12.486248247333332,6.285899441,-2.282679846
299,1974,12,-5.0018210281935485,6.780421219516129,-0.31520940590322577,-10.672074528451613
300,1975,1,-7.228666464741935,4.651431108225807,-2.5766575221935484,-12.936287438354839
301,1975,2,-6.1846335282142855,6.518480553928571,-1.1063816889285714,-11.3429415525
302,1975,3,-2.203094849032258,10.945687905806452,2.791116614516129,-7.825173117419355
303,1975,4,3.1413569719333334,16.289604376866667,7.290663174433333,-2.1060380761
304,1975,5,7.141774103225806,19.41084634516129,11.203709241935483,1.8082313741935483
305,1975,6,10.782518466666666,19.414371533333334,13.394308966666667,6.108159266666666
306,1975,7,12.750972290322581,18.999164677419355,14.494754419354837,9.51329635483871
307,1975,8,12.752022129032257,19.08808135483871,14.406100193548388,9.902822129032257
308,1975,9,10.739826033333333,17.51820312,12.690850113333333,7.03361399
309,1975,10,8.548048114516128,16.869459721935485,11.51540596419355,3.825313237096774
310,1975,11,3.273052847333333,12.908079447,7.240429426666666,-3.362389395
311,1975,12,1.5476469206451615,10.454755721612903,5.179689745806452,-4.579062285483871
312,1976,1,-1.971848528129032,7.885710871322581,1.7556987116774192,-7.89104804983871
313,1976,2,-2.743692585575862,8.71325412292069,1.5123977694137931,-8.552118235482759
314,1976,3,-1.0662227091290322,11.754999802774194,3.4773175225161292,-6.661943974967742
315,1976,4,3.7567212523333335,16.367236728333335,8.321920288333333,-2.0004903426666667
316,1976,5,8.095373811774193,18.413157989138707,11.612623934987097,2.9916297818645163
317,1976,6,11.832408299999999,19.018215753333333,14.02855168,7.50119189
318,1976,7,13.477103580645162,19.042089419354838,14.976058741935484,10.641416838709677
319,1976,8,12.556083903225806,18.567343483870967,14.296719838709677,9.62433829032258
320,1976,9,11.389959966666668,17.9777992,13.3772881,7.9603931
321,1976,10,8.033468566129033,16.003826590322582,10.671198678709677,3.4965106951612905
322,1976,11,5.938603857333334,14.653907566333334,9.19547302,1.1853234876666667
323,1976,12,0.17030864000000004,10.011004003548388,4.16257271,-5.584871958709678
324,1977,1,-3.4659624067741936,7.709060013870968,1.3966022361290322,-9.612139941612902
325,1977,2,-3.427089719107143,9.213130045642856,1.3579366228928573,-9.176129259928572
326,1977,3,2.4484767193548387,15.44099330967742,7.36003146451613,-3.551671435483871
327,1977,4,4.106891754333334,15.324492279333333,7.920146324,-1.511577444
328,1977,5,6.400485034193548,16.75675121387097,9.929354756774194,0.8385158658064517
329,1977,6,11.511037566666666,19.400854733333333,13.759477299999999,6.7825549333333335
330,1977,7,13.712704064516128,19.625413903225805,15.377246483870968,11.122668387096775
331,1977,8,12.884834870967742,19.05558809677419,14.685268903225806,10.095454677419355
332,1977,9,11.558527733333333,18.163502233333336,13.467300166666666,7.8864575666666665
333,1977,10,8.049447196774192,15.086827496774195,10.43201924516129,3.626421451612903
334,1977,11,4.877649779333334,13.201410646666666,8.148029319333334,-0.3163903373333333
335,1977,12,-1.3569261025806452,8.267652369032257,2.4361676219354838,-7.370559157741935
336,1978,1,-6.606252500129033,5.051834636258064,-2.31973175116129,-12.891444539967742
337,1978,2,-5.843345463321429,6.5632063085357135,-1.0829839090714286,-11.488190330821428
338,1978,3,-3.7572849877419356,8.722392668387098,0.8500996348387098,-8.83014621
339,1978,4,3.5836303814333332,15.8635547469,7.294410692933334,-1.6559171530333332
340,1978,5,10.003965625806453,20.437825858064517,13.44269906451613,5.006338864516129
341,1978,6,13.7646859,19.823958166666667,15.317670366666666,10.583853966666668
342,1978,7,13.566057677419355,19.23062374193548,14.99350158064516,11.08083329032258
343,1978,8,13.36056070967742,19.419008516129033,14.999606129032259,10.622758225806452
344,1978,9,11.2224497,18.044615833333335,13.2627001,7.748564233333334
345,1978,10,8.46727402967742,16.12141453612903,11.022394790322581,4.3298737719354845
346,1978,11,2.367526922,12.172475564666666,6.3848706533333335,-3.1287160186666667
347,1978,12,-1.6036246561290324,10.512803726774193,3.460467243870968,-8.004362162258065
348,1979,1,-3.471781286677419,8.062992551193549,1.102398167516129,-9.06355212216129
349,1979,2,-6.4506381982142855,6.180652300357143,-1.3819921164285716,-11.828786364642855
350,1979,3,-2.249073970967742,10.35763698,2.2960124612903225,-7.469232874838709
351,1979,4,5.180617709666667,17.310498830156668,9.25025817864,-0.43519310759666663
352,1979,5,7.604906081935484,19.364912276129033,11.798315873870969,1.654058379677419
353,1979,6,12.392930766666666,19.895227499999997,14.593932966666667,7.669585333333333
354,1979,7,13.61245706451613,19.602915193548387,15.314670354838709,10.423120677419355
355,1979,8,13.799161225806452,19.39156448387097,15.266282387096775,11.121156193548389
356,1979,9,10.6339027,17.9588651,12.871202466666666,6.362306333333334
357,1979,10,7.386092349354839,15.218814642258064,9.704105315806451,3.0186667112903227
358,1979,11,4.607474481333333,13.771403065,7.812538919333333,-0.8270649176666667
359,1979,12,-2.07994032483871,8.776664070548387,1.9177133829032258,-7.808249337709677
360,1980,1,-6.3794812041935485,6.4678148819354835,-1.3180260774193548,-12.156578794516129
361,1980,2,-4.107196996103448,8.214545949482758,0.4806357104137931,-9.68033113813793
362,1980,3,-1.8743445308709679,10.683507164483872,2.6375014717419356,-7.257100533161291
363,1980,4,4.607365021000001,17.788957533666668,9.038992616333333,-1.039362439
364,1980,5,8.441598801612903,19.10828378645161,11.677455439354839,3.769592988387097
365,1980,6,12.688729333333333,19.290733699999997,14.532246833333334,9.3500459
366,1980,7,13.438391258064517,19.135413225806452,14.992016774193548,10.861352322580647
367,1980,8,13.378833193548386,19.20589448387097,15.07654141935484,10.219058161290322
368,1980,9,10.831544066666668,17.712024333333332,12.8662225,7.156856933333334
369,1980,10,6.306419852903225,14.10407462080645,8.80161112283871,1.737993053064516
370,1980,11,4.337953045666667,12.314593045333334,7.110575993666667,-0.7013014306666666
371,1980,12,0.6945579440967743,10.459998336709678,4.591521863548388,-4.913851841741936
372,1981,1,-7.224713886290322,4.2636457525483875,-2.7858944977419355,-12.887473220322581
373,1981,2,-3.4781122017857142,8.6797893625,1.0041964307142857,-9.138429585714286
374,1981,3,-1.7242136667741934,10.34233752032258,2.307316720967742,-7.164936402580645
375,1981,4,4.721625781,15.903288725666666,8.387548767666667,-0.8084920386666667
376,1981,5,9.399252727741937,17.680318681290323,11.868165365483872,4.649763843870968
377,1981,6,12.874438333333334,19.927360333333336,14.7954283,8.7384734
378,1981,7,13.354821483870968,19.05827535483871,14.80109835483871,10.839099
379,1981,8,13.38697929032258,19.320018225806454,15.081094451612904,10.614513451612902
380,1981,9,10.415067766666668,17.739131633333333,12.633176099999998,7.155894333333333
381,1981,10,7.231672486451613,15.682638909032258,10.427182329032258,1.8446713567741935
382,1981,11,-1.7536820770000001,10.878493520333333,3.397987307,-8.296272898333333
383,1981,12,-4.106541091064516,8.130792005774193,0.8680412272580645,-10.341084810580645
384,1982,1,-5.099698599193548,7.073233151032258,-0.20584426080645163,-11.040108057451613
385,1982,2,-6.080523866785714,5.6371169525000004,-1.5200447532142858,-11.3116043475
386,1982,3,-2.556862896677419,9.320390772709677,1.8343455614516129,-7.825054966161291
387,1982,4,2.631434065333333,14.679373695666667,6.324562146333333,-2.6234499453333333
388,1982,5,5.586730380645161,16.87968656903226,9.298884659032257,0.31973840419354843
389,1982,6,10.881074866666667,19.443100133333335,13.804175333333335,6.1425591
390,1982,7,13.866779258064517,19.9413185483871,15.569639741935484,10.304827516129032
391,1982,8,13.346164387096774,19.074804903225804,14.955369870967742,10.463332999999999
392,1982,9,10.332869546666666,17.93664154,12.74006859,6.502953426666666
393,1982,10,6.229892052741936,14.759295341967743,8.898149346774193,1.458843863483871
394,1982,11,2.5424639937333335,11.801003538133333,5.9751509085666665,-3.2040139204333333
395,1982,12,-0.41687047548387096,9.523264988387096,3.6171346483870965,-6.744793793225806
396,1983,1,-6.137341404516129,5.535566242516129,-1.5603193161935485,-12.017408142290323
397,1983,2,-6.782108676321428,5.557282122321429,-2.0773602117857144,-12.324362389607144
398,1983,3,-2.381975439677419,10.299456142903226,2.1575831945161292,-7.845679209032258
399,1983,4,1.0478056328333334,13.30184913177,5.067753545383334,-4.217002622073333
400,1983,5,6.892712907806451,17.38133978919355,10.514823767580646,1.6738486367741936
401,1983,6,10.952777333333334,20.0253948,13.735413566666667,5.926204433333334
402,1983,7,13.796849774193548,20.032690161290322,15.51796635483871,10.173623806451612
403,1983,8,13.959301193548388,19.49301958064516,15.396068806451614,11.335730419354839
404,1983,9,11.250967900000001,18.188954266666666,13.384924933333334,7.4262366
405,1983,10,4.442655170967742,15.296168667741936,8.465682770967742,-0.41383385806451606
406,1983,11,1.2762957663333334,12.290840525333333,5.727259043999999,-3.5708471653333334
407,1983,12,-1.9457504093548388,8.80223992,2.4274361274193548,-7.127291720322581
408,1984,1,-6.352389434193548,6.081746672354838,-1.2446877063870967,-11.925380217774194
409,1984,2,-5.352978066551724,7.504599600689655,-0.17176044137931032,-11.120677201034482
410,1984,3,2.17186142483871,14.954437434516128,6.877855962580645,-3.529445385483871
411,1984,4,3.568766451233333,16.067765079233332,7.7829017966,-2.2646245048333333
412,1984,5,11.260737,21.617141225806453,14.947584387096773,6.110606483870968
413,1984,6,13.6825668,19.352653266666668,15.3535694,10.291859033333333
414,1984,7,13.08530270967742,19.107635935483874,14.675041806451611,10.155298612903225
415,1984,8,13.778078612903226,19.462968903225807,15.286021516129033,11.17010022580645
416,1984,9,9.849931333333332,17.6564229,12.405169366666666,6.5012112
417,1984,10,8.425255390322581,16.71819828064516,11.429789177419355,3.876009951612903
418,1984,11,2.8513465906666666,11.663024138333332,5.799929215000001,-2.2866438016666666
419,1984,12,-1.4309518008064517,9.374238044064516,3.006221281516129,-6.926846487096775
420,1985,1,-7.985871556129032,5.145548441290322,-2.7228084080645165,-13.290733602903225
421,1985,2,-2.413836565,9.512990593214285,1.9771563182142857,-8.024554172857142
422,1985,3,2.33929849483871,15.444205043258066,7.0215580384193546,-3.3597479259677416
423,1985,4,4.807736078666666,17.725612511333335,9.439740561666667,-1.022124745
424,1985,5,7.691703018709678,19.40501196480645,11.640597985096774,2.301957728870968
425,1985,6,12.3617223,19.892912533333334,14.556020033333334,8.039000866666667
426,1985,7,13.078195451612903,18.797680354838707,14.630565032258064,10.439599903225806
427,1985,8,13.383927838709678,19.10573035483871,14.880665516129033,10.800836612903227
428,1985,9,10.56686,17.649989899999998,12.8052218,6.7044057
429,1985,10,4.787928543870968,14.667639641612903,8.513670827096773,-0.3402438619354839
430,1985,11,1.2361045022333335,12.1064451833,5.780582620066666,-4.945306375466667
431,1985,12,-1.2106354680645162,9.685880508387095,3.3075740067741934,-7.157129925483871
432,1986,1,-5.351997524451613,7.196789563709677,-0.40901641019354834,-11.019474691516129
433,1986,2,-4.608647552500001,7.760915226071428,0.020320191428571416,-10.44587216107143
434,1986,3,-1.52963465,11.28424835451613,2.8513586751612903,-6.929502221290323
435,1986,4,2.896564253766667,15.637442977666666,7.1409868455,-2.4875968010333334
436,1986,5,5.607498306774194,16.909477334193546,9.654585219677418,0.18777668516129034
437,1986,6,11.412597583333334,19.97132441666667,14.384860743333332,6.6550670400000005
438,1986,7,13.185029193548386,18.92383029032258,14.597731483870968,9.991637838709677
439,1986,8,13.510214096774193,19.36415493548387,15.169601580645162,10.561657806451612
440,1986,9,10.804597895333334,17.734760169666668,12.939263534666667,7.546527698
441,1986,10,5.608940444451613,14.771821875999999,8.705523880580644,0.6603129851935484
442,1986,11,3.8697333607666664,13.0595306702,7.3618107314,-1.5022487547666665
443,1986,12,-4.608556712258064,6.915206540322581,-0.10783209999999997,-10.147363601290321
444,1987,1,-5.439682134451613,7.48077033816129,-0.5277163532580645,-10.992805294774193
445,1987,2,-3.4609291121428574,8.617993007428572,0.7269688475,-8.992470629428572
446,1987,3,0.7131300277419356,12.630310139354838,4.372173247419355,-4.972540525161291
447,1987,4,3.552580059433333,15.654013466533334,7.542183236266666,-2.122418956333333
448,1987,5,5.865602438064516,17.929911168709676,9.98583735451613,0.25774471548387096
449,1987,6,13.0416094,21.872623233333336,15.771608266666666,8.1125303
450,1987,7,14.08446,19.958810032258064,15.634706741935483,10.845624967741935
451,1987,8,13.372965741935484,19.691292,15.241060677419354,10.571384064516128
452,1987,9,11.9190343,18.4905796,13.8619205,8.364391633333334
453,1987,10,6.286214122580645,15.821447377419355,9.791815012903225,1.4111772967741936
454,1987,11,4.341731964,15.186442261333333,8.990027275666668,-1.3945803946666666
455,1987,12,0.08829947741935487,12.516821548709677,5.431060888709678,-5.676552247096774
456,1988,1,-2.682325678967742,9.880884376096775,2.701456206935484,-8.605924431548386
457,1988,2,-2.3129380341379315,9.789480158965516,2.4935747137931035,-7.953193956551724
458,1988,3,-1.850060098064516,11.126391375580644,2.8180057676774193,-7.032135873258064
459,1988,4,4.743167254066666,17.4092337784,9.113826424166666,-0.9097812459666667
460,1988,5,8.695107206774194,19.762230857096775,12.54735951451613,3.6203342232258064
461,1988,6,12.755241366666667,19.848311433333333,14.7460758,8.5455058
462,1988,7,13.670677903225807,19.65357,15.375109967741935,10.998843258064516
463,1988,8,13.39406787096774,19.125992193548388,14.995113580645162,10.67233293548387
464,1988,9,12.257194933333333,18.917603366666665,14.355107266666666,8.412181933333333
465,1988,10,8.149326077419355,16.559721587096774,10.807695487096774,3.5846500483870964
466,1988,11,3.665518984666667,12.219902674,6.236147047666666,-0.806944511
467,1988,12,0.4118582835483871,9.713578627096773,3.8031693787096774,-4.403094584516129
468,1989,1,-5.8834181977419355,5.6207229406451615,-1.2066573270967742,-11.016312068709677
469,1989,2,-5.3359552035,6.7680320946785715,-0.6586805919285715,-10.735232567821429
470,1989,3,-0.6329092681290324,11.681806952709676,3.230963559580645,-5.944013813741936
471,1989,4,2.773706418266667,16.6886791089,7.4786621637,-2.992830971966667
472,1989,5,7.9366156506451615,20.130977190322582,12.230378875161291,2.1265452222580645
473,1989,6,11.512858133333333,19.409868133333337,14.058247099999999,6.7597207
474,1989,7,13.636225967741936,19.653902387096775,15.270072806451612,10.329923419354838
475,1989,8,12.694801096774194,18.818355677419355,14.45004864516129,9.618783032258065
476,1989,9,12.133367600000001,18.6192643,13.915060833333333,8.642488666666667
477,1989,10,7.726268331709678,15.878431976354838,10.330641854258065,3.4656394792580643
478,1989,11,1.4340565070000002,11.248976172666666,5.039640632,-4.4898897983333335
479,1989,12,-3.018299995806452,7.934718651612903,0.8683630558064516,-8.966366129999999
480,1990,1,-1.011070213548387,11.456707766129034,4.015870957419355,-7.409906587096774
481,1990,2,-4.6204177275,6.545002165,-0.14331088178571422,-9.822974055
482,1990,3,-3.046620126741936,8.125633785064517,1.074836468451613,-8.346591658741936
483,1990,4,2.795390032,15.480509803333332,6.832097767333334,-2.689729331666667
484,1990,5,9.198918116677419,18.022764477225806,12.172140552967742,4.1650852272258065
485,1990,6,14.058584933333332,20.5578335,15.870004933333332,9.994295233333332
486,1990,7,13.882596129032258,19.535537548387097,15.451479548387097,11.182726322580645
487,1990,8,13.326505645161289,19.28764564516129,14.992780999999999,10.571556903225806
488,1990,9,12.127877000000002,18.357373666666668,14.096334666666667,8.750334666666667
489,1990,10,7.1056300964516135,15.25716470516129,9.784477231290323,2.4069222306451614
490,1990,11,3.2274919210000004,13.396430082,6.989377358666667,-2.0946291566666666
491,1990,12,-2.2568217161290325,9.663394166774193,2.511012503870968,-8.362413464193548
492,1991,1,-7.493875525483871,4.86281855516129,-2.4327911012903223,-12.717738648387096
493,1991,2,-4.149138512142857,8.299635448214286,0.34440813642857143,-9.491251125
494,1991,3,-0.7961852609677419,11.593917081935485,3.610616593870968,-6.210505070645161
495,1991,4,2.0834714646666668,14.851077410666667,6.067270482333333,-3.2427564983333337
496,1991,5,7.792844170967743,20.00223533548387,12.099519106451613,1.9658016193548389
497,1991,6,12.59922143,19.681945803333335,14.797322426666666,8.045961493333333
498,1991,7,13.729374483870968,19.617996451612903,15.430787677419355,11.065288451612902
499,1991,8,13.324456806451613,19.21403093548387,14.994509258064516,10.51853758064516
500,1991,9,11.742159366666668,18.3240944,13.812795166666666,8.2577429
501,1991,10,7.818249189354839,15.963976943870968,10.63474472516129,3.2700242987096773
502,1991,11,3.0224957776666668,11.844668090333332,5.981755714,-2.1605634570000003
503,1991,12,-1.0500009402580646,8.149283405903226,2.4303723397419352,-6.753254729032258
504,1992,1,-4.705304264516129,6.70430143516129,-0.3138630235483871,-10.28202185
505,1992,2,-6.244037583793103,5.947671461034483,-1.4175634465517242,-11.505113989310345
506,1992,3,-0.7718729096774194,11.878004231612904,3.675416444516129,-5.9950146135483875
507,1992,4,3.8653878936666666,16.752960375333334,8.052052009333334,-1.7635872946666666
508,1992,5,6.506779199032258,17.561916250322582,10.13861165967742,1.2934691758064516
509,1992,6,11.330297966666667,19.717960566666665,13.828975633333332,6.7633657666666664
510,1992,7,13.05758,19.090641032258066,14.694679612903224,9.793592096774194
511,1992,8,12.912557612903226,18.660779387096774,14.494823548387098,10.24599170967742
512,1992,9,11.500852133333332,17.906348266666665,13.322928833333332,7.9884740333333335
513,1992,10,6.19061272751613,15.05766008751613,9.319174372258065,2.5463923891612903
514,1992,11,2.4183453,11.946646390000002,5.913181041666666,-2.1233405106666665
515,1992,12,-0.9695367983870968,9.446518966451613,3.0746048083870967,-6.6759615990322585
516,1993,1,-5.047436499677419,6.129149547096774,-0.44013579387096774,-10.262076430967742
517,1993,2,-1.8105176085714285,9.092114996428572,2.332904901785714,-7.338592895714285
518,1993,3,-3.6027734092580643,8.13059803116129,0.8667350563225807,-8.792384391225808
519,1993,4,2.7534161329,14.586470888433333,6.445743587633333,-2.1237335100333334
520,1993,5,8.637328946193547,18.469043208677416,12.074976979548389,3.8352346073225805
521,1993,6,12.427365566666667,19.395213633333334,14.517543600000002,8.648143833333334
522,1993,7,14.055072967741935,19.686253387096777,15.699333193548387,10.99815829032258
523,1993,8,13.591014774193548,19.33171841935484,15.200611774193549,10.736655935483872
524,1993,9,10.977307466666668,17.807453266666666,13.0444013,7.190508066666666
525,1993,10,8.162693361290323,16.242097496774196,10.950630625806452,3.788732741935484
526,1993,11,4.995747565,13.331456387,8.231117918333334,-0.3159555273333333
527,1993,12,2.1610051158064514,11.39174436483871,5.8053633883870965,-3.5521678970967745
528,1994,1,-5.324044779193549,7.059251461064516,-0.41907901529032254,-10.581391643774193
529,1994,2,-6.250298783214285,5.804912246785714,-1.5070574282142857,-11.553450760357142
530,1994,3,0.8933540022580645,13.73690480451613,5.239317812258064,-4.588926543548387
531,1994,4,1.732631103,13.927260410666667,5.8572271843333334,-3.681851687
532,1994,5,7.7003217013870975,18.431317732774193,11.382332486387098,2.3746755106774193
533,1994,6,13.1898941,20.2370847,15.099607366666667,9.154395833333332
534,1994,7,14.125978838709678,19.70589409677419,15.577435741935483,11.532392709677419
535,1994,8,13.08267758064516,18.889438032258067,14.784714387096773,10.276237516129031
536,1994,9,12.178893533333333,18.716635333333333,14.125990566666667,8.729047366666666
537,1994,10,7.547695432258064,15.770425412903228,10.353219003225806,2.8812899
538,1994,11,2.92103242139,11.321196148313334,5.496224382873334,-1.5992659040200001
539,1994,12,-0.25159990516129027,9.073823981064516,3.622582364032258,-6.367121643483871
540,1995,1,-7.55578248,4.011469910322581,-2.8277894406451614,-13.279882596774193
541,1995,2,-5.574750187857143,5.9542220200000004,-1.2279646985714285,-10.734462025714285
542,1995,3,-1.7736195770967742,10.52050414516129,2.5195003099999997,-6.817719419032257
543,1995,4,2.0667433783333333,15.311481013333333,6.254812916333333,-3.204641592666667
544,1995,5,8.946290212258065,19.75425847935484,12.556018386451614,3.64946615
545,1995,6,14.082707699999998,21.244798066666664,16.176155866666665,10.2984855
546,1995,7,13.63444664516129,19.22086277419355,15.265811,10.865223677419355
547,1995,8,12.932417741935483,18.832377935483873,14.681636322580644,10.203027612903226
548,1995,9,11.8674975,18.4828337,13.821100133333335,8.1388342
549,1995,10,7.6408767933225805,16.13593039064516,10.545330628870968,2.722697341903226
550,1995,11,0.7454182903333333,12.714590546,5.254223269666666,-5.598400953
551,1995,12,-2.680949655483871,9.155662281935482,2.223177190322581,-9.412214121290322
552,1996,1,-5.448937811193549,6.128415328451613,-0.6036875442580645,-11.217554250612904
553,1996,2,-4.45041600862069,7.417680323793103,0.10516811517241378,-10.131843013103449
554,1996,3,-0.15296975580645158,12.529255210645161,4.393968220322581,-5.450276487741935
555,1996,4,3.0724704029999996,15.599211788666668,7.471342085333333,-2.4339149636666666
556,1996,5,7.020994275267743,18.915388457774192,11.207645770596775,1.4929469530419355
557,1996,6,11.431352733333334,18.9075472,13.725990766666666,7.239770433333334
558,1996,7,13.385705161290323,19.005303322580644,14.966912096774193,10.311508774193548
559,1996,8,12.710726096774193,18.594253258064516,14.22863006451613,10.089236903225807
560,1996,9,11.390670733333334,18.209252266666667,13.446775233333334,7.8557527333333335
561,1996,10,4.778804836612903,15.24431756935484,8.679821962096774,0.7047317202903226
562,1996,11,1.2600525303333332,13.385748254333333,6.439586749333333,-3.4906254226666666
563,1996,12,0.17195086419354838,11.396348793225807,5.006143398064516,-5.7499504890322575
564,1997,1,-4.65533798532258,6.399158324096775,-0.20594647464516128,-10.108720532580646
565,1997,2,-5.980670633928571,6.151402065428571,-1.1618043943214287,-11.039872086321427
566,1997,3,-0.5218066709677419,11.592238874193548,3.8669159516129032,-5.911284648387097
567,1997,4,2.1364095396666665,13.043359691666666,5.9075947436666665,-3.225153743
568,1997,5,5.968594662645161,17.061594997096776,9.822152343483872,0.6262642993225808
569,1997,6,11.176016036666665,18.98951432333333,13.540488333333334,6.924198036666667
570,1997,7,14.28092470967742,19.542518806451614,15.584783225806452,11.77082822580645
571,1997,8,13.479198,19.284583967741934,15.072478129032259,10.702268419354839
572,1997,9,11.230662446666667,17.75087316333333,13.230920213333333,7.760856526666667
573,1997,10,3.7986070832258063,12.760009436774192,6.392128023548387,-1.4293004164516128
574,1997,11,-1.6091587274999999,9.811269260666668,2.4300689685,-7.329531101433333
575,1997,12,-7.229515971064517,5.299106556129033,-2.101233064419355,-12.22332696651613
576,1998,1,-5.48552647,6.269329895806452,-0.6990541203225807,-10.849743093225806
577,1998,2,-4.0208735075,7.393961184642857,0.27045094178571427,-9.456079896428571
578,1998,3,-2.4652965858064517,9.608887169032258,1.9664379903225806,-7.626145358387097
579,1998,4,3.8703865366666665,15.442390936666667,7.449924263333333,-1.1783380433333333
580,1998,5,9.480676076774195,19.635484369354838,13.027971317419356,4.134910305806451
581,1998,6,13.420760966666668,21.074108366666668,15.7364264,8.728447633333333
582,1998,7,13.963446870967742,19.62424364516129,15.52057048387097,11.312655193548387
583,1998,8,13.551147806451613,19.409781032258064,15.237436225806452,10.876897258064515
584,1998,9,12.419181733333334,18.911583366666665,14.352839666666666,8.985199133333333
585,1998,10,8.18606980967742,16.818817878387097,11.447259254193549,2.9333411567741936
586,1998,11,3.7059102596666667,13.970147649666668,7.522275531333333,-3.080339496666667
587,1998,12,1.477312153548387,11.420398568709677,5.449853506129033,-4.613724184193549
588,1999,1,-4.31081203,6.934916938709677,-0.08947103709677418,-10.937625846451613
589,1999,2,-1.8025397832142858,11.255114244642856,3.1337339425,-8.188332229285715
590,1999,3,1.492671393548387,15.117709176774195,6.988262780967742,-5.016691222258064
591,1999,4,7.321069058333333,20.69597454066667,12.308071663666668,0.8649990786666667
592,1999,5,10.706122870967743,19.544628322580643,13.51185893548387,5.35861
593,1999,6,11.925500199999998,19.08254431,13.925689620000002,7.330052723333334
594,1999,7,13.651248774193549,19.337972935483872,15.214294967741935,10.895574709677419
595,1999,8,12.890011838709677,18.752730677419354,14.622988967741936,10.011914774193547
596,1999,9,12.0240445,18.1429364,13.865867533333333,8.727248766666666
597,1999,10,6.672449932096774,15.766959320612903,9.917808181387096,1.9403140567741934
598,1999,11,4.833820976266667,13.493311934066666,7.930837572833334,-0.5413640621333333
599,1999,12,1.6662765129032258,9.939440870322581,4.860515706451613,-3.9058098151612906
600,2000,1,-3.861103277967742,7.355787870870968,0.7033107413548386,-9.556480815580645
601,2000,2,-7.656109176896552,4.21636852,-2.9539915296551724,-12.656971763448276
602,2000,3,-3.3666415241935486,9.421569649032259,1.3607731422580644,-8.568158209677419
603,2000,4,4.164699242933334,16.9923042562,8.513165306733333,-1.0319549353
604,2000,5,10.251647138709679,18.827627119354837,13.1980485,5.732384735483871
605,2000,6,12.193460933333334,18.765288066666667,14.227730466666666,8.118033500000001
606,2000,7,13.355678741935485,19.33177348387097,15.109616612903226,10.65693222580645
607,2000,8,13.063229806451613,18.84967029032258,14.635024451612903,10.347918838709678
608,2000,9,10.99911924,17.88743897,12.964212573333333,7.432195719999999
609,2000,10,8.966757115806452,16.703653956451614,11.567802110322582,4.906070074516129
610,2000,11,3.2985874713333336,12.279740337333333,6.772736536666667,-2.0471293963333332
611,2000,12,0.21372593451612903,11.00742760451613,4.849296704193548,-6.724267329032258
612,2001,1,-4.550338879677419,7.807061642903226,0.38782232677419354,-10.267333812258064
613,2001,2,-1.9220663979285715,10.45371888275,2.8188440634642857,-8.242960270214287
614,2001,3,-1.208598664516129,11.66979154,3.405568981935484,-6.986355997096775
615,2001,4,3.196526443333333,15.614507963333333,7.45211784,-2.4757344
616,2001,5,9.589606616129034,18.24764286129032,12.452979758064517,4.673294287096774
617,2001,6,12.442571966666666,18.799890666666666,14.256989066666668,8.681479033333334
618,2001,7,13.739442161290322,19.58184283870968,15.399684193548389,10.968702419354837
619,2001,8,13.044333161290321,19.284822483870965,14.89548258064516,10.217350935483871
620,2001,9,11.351433933333334,18.32435033333333,13.342872133333334,7.897794966666667
621,2001,10,8.275095377419355,16.059996687096774,10.724034832258063,4.005939935483871
622,2001,11,5.305163531333333,13.718940685333333,8.319118290333334,-0.044994356666666624
623,2001,12,-0.09537814903225812,10.245073959354839,4.0041187870967745,-6.033119856129032
624,2002,1,-4.663815579354838,6.306999666129032,-0.34167807096774194,-9.783266421290323
625,2002,2,-4.933037341785714,7.618686721785714,0.12319623750000001,-10.126025415
626,2002,3,-0.9466163912903226,11.731518326129033,3.5034794099999997,-6.017435451612903
627,2002,4,4.338126046,16.574655520333334,7.966322663333333,-0.922576627
628,2002,5,8.21545754548387,18.631149683225804,12.12546716935484,2.95482976
629,2002,6,12.565709166666666,19.524615266666668,14.716149699999999,8.316476733333333
630,2002,7,13.750489516129033,19.89744751612903,15.486160709677419,10.686248870967741
631,2002,8,13.112010999999999,18.602023709677418,14.40861129032258,10.643831806451614
632,2002,9,9.823334866666666,17.29687373333333,12.0991,5.644963933333333
633,2002,10,6.893984192580644,15.279180423225807,9.651924897096773,2.25819075
634,2002,11,2.1510747720000003,12.554508615,5.725113074333334,-3.269828492666667
635,2002,12,0.023783907645161268,10.306218701290323,4.0718611626451615,-5.732384317903226
636,2003,1,-2.333607365483871,8.812771708709679,1.868470145483871,-8.09770568516129
637,2003,2,-5.439004088571429,7.0817684825,-0.4077621617857143,-10.817039630714286
638,2003,3,-1.0300325622580646,11.002249688064516,3.0792547396774195,-6.44216488483871
639,2003,4,4.808522578333333,17.268747313,8.998976586333333,-0.9391281133333333
640,2003,5,6.035755063870968,18.58396904387097,10.504676352258064,0.4524304322580645
641,2003,6,12.038326233333333,20.107060266666668,14.556400733333334,7.8260315333333335
642,2003,7,12.875242064516128,19.38736841935484,14.834994580645162,9.80221193548387
643,2003,8,13.613492516129032,19.695508870967743,15.361728806451612,10.775810193548388
644,2003,9,11.122211666666667,18.084612166666666,13.2862313,7.481985933333333
645,2003,10,8.340316548387097,16.680788519354838,11.202853035483871,3.639012293548387
646,2003,11,4.121387155,13.389075464866666,7.763422282,-1.6833345498
647,2003,12,-0.34074423548387106,9.254362773225807,3.402760494193548,-6.328756002258065
648,2004,1,-4.920881306774193,6.632279769354839,-0.47723592451612906,-10.156255503870968
649,2004,2,-3.3176271448275862,9.495343672068966,1.664867199310345,-8.836780855517242
650,2004,3,4.014465104193548,16.63603890419355,8.830154103225807,-1.4671582758064516
651,2004,4,6.583902571666667,17.395820510666667,10.17652962,1.2643773273333332
652,2004,5,9.133246258064515,19.407597883870967,12.651301712903225,3.9394293967741936
653,2004,6,11.920005033333332,19.153655800000003,14.058340966666666,7.789787033333334
654,2004,7,13.281434806451612,19.115903096774193,14.846984677419355,10.262566806451613
655,2004,8,13.152103838709676,19.414004580645162,15.027733903225807,10.169090774193547
656,2004,9,12.149999966666666,18.4172769,14.0052035,8.641757
657,2004,10,4.090572445161291,14.151172332258064,7.472162235483871,-1.0125918516129033
658,2004,11,1.3569850693999999,11.724067178766667,5.2230425266,-3.9959507649
659,2004,12,1.0241963412903226,11.235624633870968,5.316837988387097,-5.243213153870967
660,2005,1,-6.8292592851612905,5.6065615832258064,-1.912452643548387,-12.13067429516129
661,2005,2,-5.538639890357143,6.579585635714286,-0.7873505135714286,-10.503527458571428
662,2005,3,-0.16370160477419354,11.798956741548388,3.8372053060645164,-5.165762502774193
663,2005,4,2.427041738433333,15.442305240266666,6.6322125618,-3.0124606562
664,2005,5,5.878074198064517,18.16693725064516,10.127387193870968,0.43649913903225807
665,2005,6,11.674341133333334,21.295265966666665,14.521275866666667,7.1721256
666,2005,7,13.31604593548387,19.359701225806454,15.08212558064516,10.461439096774194
667,2005,8,12.834152290322582,18.981988161290325,14.637065870967742,9.82723535483871
668,2005,9,11.774459366666667,18.366303733333332,13.736774133333334,8.208416933333334
669,2005,10,7.116917741612903,15.129611866774194,9.78850668483871,2.638425328387097
670,2005,11,3.5006786873333335,13.106700976666668,7.040531750333333,-2.292356187333333
671,2005,12,0.4595864685483871,9.837197210354837,3.728770340870968,-5.328278655
672,2006,1,-1.796394658064516,10.508109877419356,3.388553987096774,-8.78334071935484
673,2006,2,1.7431233214285715,14.115130318214286,6.635384806428571,-4.406527412857143
674,2006,3,0.11332414225806453,12.817416087096774,4.478917241612903,-5.859624004838709
675,2006,4,3.6601657937666667,16.162176399866667,8.0380222844,-2.2435880817
676,2006,5,9.944817116129032,18.599750735483873,12.69395775483871,5.149037367741935
677,2006,6,11.984437566666665,19.369888866666667,14.062792833333333,7.7622243666666675
678,2006,7,13.956350225806451,19.784104129032258,15.510910096774193,11.315082129032257
679,2006,8,12.839032225806452,19.12146448387097,14.569818967741934,9.990823129032258
680,2006,9,11.9290404,18.713468066666668,14.0769726,8.2713407
681,2006,10,7.050425006516129,15.541316344967742,9.69514147483871,2.691685039387097
682,2006,11,3.199349294666667,12.590523883,6.469326335666667,-2.0976424893333334
683,2006,12,-0.94034374,11.13237962483871,4.450569688064516,-7.780831176483871
684,2007,1,-1.424454435580645,10.379455956290322,4.009421897387097,-8.209273891322582
685,2007,2,-3.7707971285714286,7.2435963135714285,0.5807782196428571,-9.170055693928571
686,2007,3,-1.063736938064516,11.358172751935482,3.7381285648387097,-6.2069713187096776
687,2007,4,6.3728084046,17.7354558699,10.182118539500001,1.0410754316666666
688,2007,5,9.092822906451612,18.059683829032256,11.906691796774192,4.238357861290322
689,2007,6,13.4441372,20.28704056666667,15.432610566666666,9.6685975
690,2007,7,13.24882458064516,19.2530784516129,14.869772677419355,10.739325258064516
691,2007,8,13.331532483870967,19.335787387096772,14.979063903225805,10.605996258064517
692,2007,9,11.400778433333333,18.490558766666666,13.592992766666667,7.808205166666667
693,2007,10,7.566146073225807,16.517629896129034,10.945121340322581,1.2842984003225808
694,2007,11,4.647026497,12.851935323333333,7.61848115,-1.5375450223333333
695,2007,12,-1.3131827568709677,10.286484907967742,3.4864085426774194,-8.013302941451613
696,2008,1,-6.093422413225806,6.094052712870968,-1.1728088708064515,-11.745901737838711
697,2008,2,-5.499391958206897,7.003170519379311,-0.5281566950689655,-11.017331408172414
698,2008,3,0.8865550293548387,13.412207843225806,5.142208819354838,-4.73429648032258
699,2008,4,4.332340973,16.842627558,8.529288539666668,-1.5980686143333331
700,2008,5,7.900824974193548,17.985251664516127,10.96413371935484,3.0064606806451613
701,2008,6,12.954693899999999,19.118260000000003,14.686575699999999,9.486591933333333
702,2008,7,13.43174906451613,19.506090258064518,15.192542580645162,10.687352612903226
703,2008,8,12.999873193548387,19.11541012903226,14.696994129032257,10.043464161290323
704,2008,9,10.2447017,18.17379706666667,12.752991266666667,5.955886899999999
705,2008,10,7.269217202312904,15.730321362087098,9.925924818212902,1.788857287616129
706,2008,11,5.856344406000001,14.642669006666667,9.364234388666667,-0.47941259466666664
707,2008,12,2.523167936129032,12.49061708580645,6.564406196774194,-3.6255153929032256
708,2009,1,-0.5517853557516129,11.188242876825807,4.323904730993548,-7.099698024812903
709,2009,2,-0.38963813928571434,11.739369451071429,4.377857114285715,-7.112901818571429
710,2009,3,1.3536313687096775,13.715944452258064,5.763683945483871,-4.98087717516129
711,2009,4,6.153889530333333,18.773539133666667,10.576436459666667,-0.6729532460000001
712,2009,5,8.316646951612903,18.595865616129032,11.60617829032258,2.5467362677419354
713,2009,6,13.453669333333332,21.34520183333333,15.497816933333333,8.4571423
714,2009,7,14.136623419354839,20.266488,15.969659967741936,10.866520580645162
715,2009,8,13.530287322580644,19.475867225806454,15.221347548387097,10.36546977419355
716,2009,9,11.6902419,18.553658499999997,13.7089057,8.128986
717,2009,10,5.710950241290323,16.050621607096772,9.601696759677418,0.2469661222580645
718,2009,11,1.753208419,13.408698516,6.580366418,-4.380219463
719,2009,12,-1.5304373657419357,10.592729696451613,3.672020593806452,-7.933261359677419
720,2010,1,-2.486336299096774,10.446819004548388,2.959047260096774,-8.911803008290324
721,2010,2,-3.549323541428571,9.004495968928572,1.5353233910714283,-9.275157553214285
722,2010,3,3.5764683600000002,16.10203704,8.061016654193548,-2.2744685838709677
723,2010,4,7.369528125666666,20.325489154666666,11.819613031333335,1.2932577663333333
724,2010,5,10.167846368064515,19.984699158387098,13.159290440645162,4.812725510967742
725,2010,6,12.899168766666666,20.8692243,15.115056966666666,7.6600394000000005
726,2010,7,13.897330387096774,19.67595348387097,15.34796570967742,10.776771032258065
727,2010,8,13.16355006451613,19.044881516129035,14.739393709677419,10.483681387096775
728,2010,9,11.334879733333333,18.090368633333334,13.2998455,7.719659666666667
729,2010,10,7.9267203635483865,16.40176161322581,10.757456268387097,3.1447000951612902
730,2010,11,4.8222056069,14.136052390866666,8.305229812366667,-0.3805492829333333
731,2010,12,0.21287382322580647,10.246485202580645,4.229502585161291,-5.404606551935483
732,2011,1,-6.17108139483871,6.319166199032258,-0.963323580967742,-11.957098133225808
733,2011,2,-4.8660674944642865,8.280858632892857,0.4868330846071429,-10.405333837642857
734,2011,3,-0.4291383506451613,12.7629811,4.326700018709678,-5.922843759032258
735,2011,4,2.616552175666667,14.951108264333334,6.833116233666667,-2.746197321
736,2011,5,8.606598129032259,19.032706274193547,12.134546338709677,3.586226925806452
737,2011,6,12.009589533333333,19.3284141,14.234711633333335,7.950110566666667
738,2011,7,13.169529870967741,19.273041129032258,15.002575193548388,10.378489548387098
739,2011,8,12.975863741935484,18.965919129032258,14.63795635483871,10.426496
740,2011,9,11.984652833333334,18.681362333333333,14.019271133333332,8.719758366666667
741,2011,10,8.005255883870968,15.951390948387097,10.586284119354838,3.846334064516129
742,2011,11,5.809217279333334,13.641337273666666,8.961354757333334,0.6220463350000001
743,2011,12,2.123364812580645,11.076169459032258,5.933504317096775,-4.224746317096774
744,2012,1,-8.747800316129032,3.468052783225806,-3.78721099,-13.67215812419355
745,2012,2,-5.32892179524138,7.405968783034483,-0.5333640716551724,-10.612530990517241
746,2012,3,-1.0781589791935484,12.267512365529033,3.5640932622096777,-6.528497423403226
747,2012,4,3.0817012186666664,15.397076637733333,7.187975785733333,-2.1867379422333335
748,2012,5,7.433622058387097,19.483937386451615,11.404877864838708,2.05893052483871
749,2012,6,12.9518806,21.8475126,15.4401279,7.841312599999999
750,2012,7,13.50395777419355,19.458837903225806,15.167358516129031,10.746493225806452
751,2012,8,13.178948645161292,19.027701096774194,14.799782741935484,10.518712774193549
752,2012,9,11.279563966666666,18.39810196666667,13.492657033333334,7.730446966666666
753,2012,10,5.907151701548387,15.103392273580646,8.918070246032258,0.8449158744193548
754,2012,11,3.1218512733333332,12.169208053333334,6.32970613,-2.124564793333333
755,2012,12,-0.917942870967742,10.376845438709678,3.748038506451613,-7.059576929032258
756,2013,1,-4.948213485161291,7.079088478870968,0.3397476519354839,-11.02164468148387
757,2013,2,-5.289787048392857,7.114565606428571,-0.309788313,-10.472395093607144
758,2013,3,0.36506676548387096,13.261244608387097,4.776230799677419,-5.034967000645161
759,2013,4,4.038983771,16.072728259333335,7.858684884333333,-1.387244905
760,2013,5,8.861365134193548,19.782945885806452,12.406591561612904,3.5716564680645164
761,2013,6,12.4043073,19.162562833333332,14.417946733333334,8.257847933333332
762,2013,7,13.465672451612905,19.127665451612902,15.034902258064516,10.600610548387097
763,2013,8,13.199228032258064,18.987819548387094,14.699151064516128,10.31297022580645
764,2013,9,11.5347001,18.424612200000002,13.564213200000001,7.8337796
765,2013,10,7.78779223,15.795083498387097,10.410349590967742,4.195571085806452
766,2013,11,2.3739852379,12.893800849333333,6.3469353837,-3.6732521765
767,2013,12,0.3271743798387097,9.813586600967742,4.2908803775806446,-5.649444626129032
768,2014,1,-5.626670630645161,7.472282018064516,0.08452691129032258,-11.394681341935485
769,2014,2,-5.663868382857143,6.967154716857143,-0.7321885166428571,-10.718505607285715
770,2014,3,-1.6254328661290323,11.205292374838711,2.859730357419355,-7.187471975806452
771,2014,4,3.102324044,16.142631421666668,7.368856066,-2.652379164666667
772,2014,5,7.440710337041935,18.98018296765484,11.336798798287097,1.9364277926258064
773,2014,6,13.227840766666667,21.303062566666664,15.521902466666667,8.391575266666667
774,2014,7,13.693512225806451,19.490428193548386,15.31953493548387,10.681141451612904
775,2014,8,13.485068612903225,19.33436116129032,15.175762903225806,10.417055612903225
776,2014,9,11.939422566666668,18.460565366666668,13.874622233333334,8.463085900000001
777,2014,10,5.001745241935484,15.241297812903225,8.824972964516128,0.21757946451612903
778,2014,11,3.5812609166666665,14.126443214,7.956066960666666,-2.053438982333333
779,2014,12,-1.3900502961290322,10.104452249032258,3.3825339277419353,-7.356145766774194
780,2015,1,-7.0701010287096775,5.932977740645161,-1.8594842216129033,-12.211361523870966
781,2015,2,-4.304201668107143,8.846026016321428,0.7532293467142858,-9.574423822928571
782,2015,3,-1.719978459580645,10.593519990870968,2.849820462,-6.748424522483871
783,2015,4,2.709702766,14.072557750666668,6.034125496000001,-2.1422515683333336
784,2015,5,8.195336483870967,19.52831785483871,11.92761633548387,2.8978613161290325
785,2015,6,11.260787533333334,20.019067,14.029497099999999,6.253615066666667
786,2015,7,14.174200290322581,19.565071193548388,15.473633516129032,10.828395903225806
787,2015,8,13.388389451612904,19.140025193548386,14.97393364516129,10.438835483870967
788,2015,9,12.510464566666666,18.994453633333332,14.381928366666667,8.848017766666667
789,2015,10,8.127562187096775,15.961151735483872,10.5441969,4.019152822580645
790,2015,11,5.190105544000001,13.988614641666667,8.408939820333334,-0.4287320856666667
791,2015,12,-0.03962006940967737,10.131680845706452,4.365465552235484,-6.530599061345161
792,2016,1,-3.2312354276870967,7.352596655883871,1.0345059028032257,-9.302146496593547
793,2016,2,-1.5083302644827585,11.29629697137931,3.842242326551724,-7.223426307931034
794,2016,3,1.3722648709677419,13.902575593548386,5.942224619354839,-4.455908235483871
795,2016,4,5.799234117,18.802310064,10.465135756666665,-0.10469236266666666
796,2016,5,9.062582270967743,18.513442777419353,12.000950641935484,4.624491512903226
797,2016,6,13.438040866666666,19.460543166666664,15.025325933333333,9.988094233333333
798,2016,7,13.330190451612904,19.24299177419355,15.049007903225807,10.775748548387096
799,2016,8,13.243388903225807,19.605502967741934,15.032309580645162,10.47589522580645
800,2016,9,12.467342133333334,19.064992333333333,14.461930766666667,9.0129756
801,2016,10,8.78172101280645,16.689219623451613,11.467264740935484,4.308014809225806
802,2016,11,6.175264411666666,14.962758838000001,9.340089834666665,1.2644451396666667
803,2016,12,5.308996642903225,13.324388997741936,8.335886707419355,0.18292130677419358
804,2017,1,-5.01952041483871,6.780319729354838,-0.7198634348387097,-10.904387801935483
805,2017,2,-1.0518410042857143,11.602795083214286,4.133460037857143,-7.484141050714285
806,2017,3,-0.7520314977419355,11.782174949677419,4.0062924483870965,-6.320021729354838
807,2017,4,5.126170858666667,17.759770405999998,9.866614786666666,-0.6961242206666667
808,2017,5,8.316200312903225,18.232929216129033,11.483593290322581,3.46732679032258
809,2017,6,12.649138366666667,19.686608033333336,14.778565233333332,8.299102066666666
810,2017,7,13.19062606451613,19.098892419354836,14.768691838709678,10.71313770967742
811,2017,8,13.640588193548387,19.34855641935484,15.23883064516129,10.891285322580645
812,2017,9,12.133941133333334,18.993938866666667,14.233177433333333,8.3819015
813,2017,10,9.066179040258065,16.79850797,11.561570329774193,4.649714974096774
814,2017,11,3.4791334013333333,12.681898601333334,6.7426231240000005,-2.104202362
815,2017,12,-0.25785726451612906,11.925585967741936,4.90620524516129,-6.715289041935484
816,2018,1,-0.28140908032258066,10.522863328709677,4.535823030967742,-6.777629188387096
817,2018,2,-2.286865734642857,10.546810905714285,2.8313322267857144,-8.2432822625
818,2018,3,1.1198202967741935,14.090531283870968,5.750611638709677,-4.998013187096774
819,2018,4,5.404039707,16.148773365333334,9.029076533,-0.17382918266666667
820,2018,5,9.205166696774194,19.10614243548387,12.415568464516129,3.846901022580645
821,2018,6,13.502266333333333,19.985694000000002,15.230911566666666,9.581232733333334
822,2018,7,13.927918451612904,19.823501161290324,15.60155264516129,11.335806999999999
823,2018,8,13.144564741935485,18.67020606451613,14.701286677419356,10.65111464516129
824,2018,9,11.863898066666668,18.669160633333334,13.9021744,7.990307866666667
825,2018,10,5.936739317419355,14.938398482580645,8.787110108064516,1.1056132132258065
826,2018,11,3.7142831060000003,13.066881173666667,7.430464599333334,-2.875465253666667
827,2018,12,-1.4985337329032258,8.600456998806452,2.172046551032258,-7.861621621096774
828,2019,1,-6.593939217,5.156359237258065,-2.2918687088387095,-12.02388343364516
829,2019,2,-5.8577735142857135,5.890541083214286,-1.2684861489285715,-10.842186332857143
830,2019,3,-1.9311489722580646,10.352477040548386,2.6925525384516127,-7.029818329741936
831,2019,4,5.088328998666666,16.319046960666665,8.463577861666666,-0.009479564333333317
832,2019,5,7.532043518387097,19.246464161612906,11.514284247741935,1.9407596312903226
833,2019,6,12.2694151,20.923305733333333,15.008736066666668,7.230414433333333
834,2019,7,13.512688451612904,19.55755458064516,15.206342419354838,10.040591967741936
835,2019,8,13.729230225806452,19.922058193548388,15.456592483870967,10.805319387096775
836,2019,9,12.003102713333334,18.390671469999997,13.777003760000001,8.994729666666666
837,2019,10,7.504386022580645,15.78832169032258,10.352434280645163,3.0495232387096776
838,2019,11,3.345684476666667,13.821894173333334,7.429252294666667,-2.773728389
839,2019,12,-5.4518034250000005,7.320950242903225,-0.12241143532258063,-11.60632074235484
840,2020,1,-7.49163365683871,4.609774815290323,-2.9321751270645158,-12.364428892096774
841,2020,2,-3.8946524980344828,8.195651560793102,0.45928250124137937,-9.294611312620688
842,2020,3,-1.529558339935484,10.477611160709678,2.452597537903226,-6.870129470677419
843,2020,4,3.0054788316666663,14.739901908,6.371896553666667,-2.3141847556666666
844,2020,5,7.234315042903226,17.843705504193547,10.765763719354839,2.0844529861290324
845,2020,6,11.018701243333334,18.926942883333332,13.483364096666666,7.2474307966666665
846,2020,7,13.658767032258066,19.796353032258065,15.451334999999998,10.661869580645162
847,2020,8,14.232723258064517,19.89724022580645,15.721957548387095,11.469542967741935
848,2020,9,12.727559066666666,19.615931166666666,14.888458866666667,9.309001266666666
849,2020,10,9.853694067741934,17.87407487703226,12.646547993741935,5.627009752354839
850,2020,11,1.3558041206666664,12.460281252,5.443608968333334,-3.8554243103333334
851,2020,12,-0.7833923622580644,10.88640630883871,4.3272125772903225,-7.8268691761290325
852,2021,1,-1.0992892935483871,10.62092689032258,4.1295466258064515,-7.760159612903226
853,2021,2,-0.60247499975,11.161006445892857,3.84936578925,-6.786096075071429
854,2021,3,1.8355516716129032,14.29491815516129,6.302783824516129,-4.157207610645162
855,2021,4,2.7682098443333336,15.983303684333332,7.149281934,-3.505744924
856,2021,5,6.768616637419354,16.876257076129033,10.275329049032258,1.5480941758064517
857,2021,6,11.277823566666665,18.984534933333336,13.819701400000001,6.829526666666666
858,2021,7,13.970805516129031,19.70486287096774,15.476360161290321,11.029834838709677
859,2021,8,13.416188516129031,19.400402032258064,15.040601935483872,10.713124903225808
860,2021,9,12.140634633333333,18.720396966666666,14.068053933333335,9.1615641
861,2021,10,8.257932367741935,16.891657696774196,11.386804980645161,3.6114542322580645
862,2021,11,3.7939747806666664,13.574390841333333,7.929752443666667,-2.775020087
863,2021,12,-4.83397947548387,8.275106148387097,0.16141261806451612,-10.771686897096775
864,2022,1,-6.90654922,5.399191078387097,-2.222041923548387,-12.264671428387096
865,2022,2,-5.951499908821428,6.200194868214285,-1.5995496230357145,-11.39663848817857
866,2022,3,3.6316810012903225,15.595173240000001,7.58404959516129,-2.1257346477419357
867,2022,4,8.236263383433334,19.795734961766666,12.042016078,2.257171356366667
868,2022,5,9.567866983870967,18.017635658064513,11.927039232258064,5.074682580645161
869,2022,6,13.401508633333332,20.7239775,15.335446766666667,9.308660033333332
870,2022,7,14.24253993548387,19.83674209677419,15.617607258064517,11.701600709677418
871,2022,8,13.803489741935485,19.891298161290322,15.399537483870969,10.995422000000001
872,2022,9,11.544202533333333,18.31016106666667,13.475624066666667,7.609653
873,2022,10,5.123509294967741,15.006997551193548,8.489788284548387,-0.1787050124193548
874,2022,11,3.135157814333333,13.547733290466665,7.039791111633334,-3.0611544694666666
875,2022,12,1.454378329032258,11.789088132258065,5.496174474193548,-4.398440396774194
876,2023,1,-3.559529932903226,8.519469580322582,1.3765841596774195,-9.746572498387096
877,2023,2,-0.49471919392857144,12.189878760714285,4.695201646071429,-7.423762570357143
878,2023,3,1.2109525561290322,12.171502919032259,4.658092088064516,-4.684874282903226
879,2023,4,3.390516841333333,15.243145736,7.189318671,-2.5291864116666667
880,2023,5,5.892069565806452,17.05481976645161,9.446501648387096,0.14384317709677416
881,2023,6,11.515388746666668,19.824688133333332,13.906822076666666,6.3302917533333325
882,2023,7,14.094830258064516,19.90813806451613,15.662478161290323,10.828080129032257
883,2023,8,14.06057470967742,19.500037806451612,15.32047164516129,11.341167387096775
884,2023,9,12.794143433333334,19.475123466666666,14.6257222,9.112360466666667
885,2023,10,7.183540103225806,15.469662645161291,9.625796132258065,2.674980593548387
886,2023,11,4.3922673189,12.9593395376,6.96131568,-0.946659291869
887,2023,12,0.16249954845161285,10.793334279806452,3.9043477983225805,-6.050732740580646
